#NAME? - canada - ,3144757
#NAME? - germany - ,2236232
#NAME? - india - ,2535362
#NAME? - korea - ,1663173
#NAME? - mexico - ,1551059
#NAME? - russia - ,1577636
-5q5mZbe3V8 - Brazil - ,11312818
-5q5mZbe3V8 - Great Britain - ,11204242
-5q5mZbe3V8 - USA - ,11405030
-5q5mZbe3V8 - canada - ,11405036
-5q5mZbe3V8 - france - ,11204256
-5q5mZbe3V8 - germany - ,11077378
-5q5mZbe3V8 - india - ,11405033
-5q5mZbe3V8 - japan - ,11405052
-5q5mZbe3V8 - korea - ,11650994
-5q5mZbe3V8 - mexico - ,11405056
-5q5mZbe3V8 - russia - ,10696193
-84tyDebx5I - Brazil - ,1299199
-84tyDebx5I - Great Britain - ,1292351
-84tyDebx5I - USA - ,1067462
-84tyDebx5I - canada - ,1292352
-84tyDebx5I - germany - ,1292352
-84tyDebx5I - india - ,1023390
-84tyDebx5I - korea - ,1292353
-84tyDebx5I - russia - ,1023397
-C-16oZxTbw - Great Britain - ,2433148
-C-16oZxTbw - USA - ,2616550
-C-16oZxTbw - canada - ,2433152
-C-16oZxTbw - india - ,2733068
0-q1KafFCLU - Brazil - ,1774344
0-q1KafFCLU - Great Britain - ,1671351
0-q1KafFCLU - USA - ,1774335
0-q1KafFCLU - canada - ,1743886
0-q1KafFCLU - france - ,1671360
0-q1KafFCLU - germany - ,1615631
0-q1KafFCLU - japan - ,1743888
0-q1KafFCLU - korea - ,1856844
0-q1KafFCLU - mexico - ,1711520
0F9sX_CHi3g - Great Britain - ,2262396
0F9sX_CHi3g - USA - ,2096477
0F9sX_CHi3g - canada - ,2096477
0F9sX_CHi3g - germany - ,1985122
0F9sX_CHi3g - japan - ,2713998
0IR2dYcyTCs - Brazil - ,1841708
0IR2dYcyTCs - mexico - ,1819871
0IR2dYcyTCs - russia - ,1494368
0IpbvXVbBYA - Brazil - ,1788684
0IpbvXVbBYA - france - ,1678631
0IpbvXVbBYA - germany - ,1527194
0xSFPome3Tc - Brazil - ,2447448
0xSFPome3Tc - Great Britain - ,2408661
0xSFPome3Tc - USA - ,2408661
0xSFPome3Tc - canada - ,2408664
0xSFPome3Tc - france - ,2430486
0xSFPome3Tc - germany - ,2408662
0xSFPome3Tc - india - ,2324766
0xSFPome3Tc - japan - ,2486798
0xSFPome3Tc - korea - ,2515911
0xSFPome3Tc - mexico - ,2447448
0xSFPome3Tc - russia - ,2324768
0z8AytcoRs0 - russia - ,1210520
1LMz6hgQtBM - Brazil - ,2345479
1LMz6hgQtBM - Great Britain - ,2281307
1LMz6hgQtBM - USA - ,2336951
1LMz6hgQtBM - canada - ,2316625
1LMz6hgQtBM - france - ,2281321
1LMz6hgQtBM - germany - ,2281313
1LMz6hgQtBM - india - ,2213143
1LMz6hgQtBM - japan - ,2336957
1LMz6hgQtBM - korea - ,2353551
1LMz6hgQtBM - mexico - ,2336958
1LMz6hgQtBM - russia - ,2062312
1LSt4TGATQg - russia - ,1060001
1N5AN65k1vo - germany - ,1288692
1Q0SVnv_jwk - Brazil - ,1061246
1Q0SVnv_jwk - Great Britain - ,1057974
1Q0SVnv_jwk - USA - ,1057974
1Q0SVnv_jwk - canada - ,1057974
1Q0SVnv_jwk - france - ,1057974
1Q0SVnv_jwk - germany - ,1031244
1Q0SVnv_jwk - korea - ,1061246
1V_03efSkg0 - Great Britain - ,1403040
1V_03efSkg0 - USA - ,1403040
1V_03efSkg0 - canada - ,1403041
1V_03efSkg0 - germany - ,1271898
1WsSY1I17gw - mexico - ,2478726
1ZqEjt4yHLw - russia - ,1275166
1fnregFDuYk - mexico - ,1670920
1poXN3jF3Bw - india - ,1499868
27h9SJcIdM0 - Brazil - ,3161171
27h9SJcIdM0 - Great Britain - ,3036985
27h9SJcIdM0 - france - ,2953592
27h9SJcIdM0 - germany - ,2810540
27h9SJcIdM0 - mexico - ,3207933
27h9SJcIdM0 - russia - ,2580308
2CZsmTXeRBM - Brazil - ,2202105
2CZsmTXeRBM - Great Britain - ,1923184
2CZsmTXeRBM - france - ,1755288
2CZsmTXeRBM - germany - ,1755289
2CZsmTXeRBM - india - ,2171002
2CZsmTXeRBM - mexico - ,1923213
2DKJO8YBWas - korea - ,1433107
2IkoKhr6Tss - Brazil - ,4032322
2IkoKhr6Tss - Great Britain - ,3929936
2IkoKhr6Tss - USA - ,3929936
2IkoKhr6Tss - canada - ,3929940
2IkoKhr6Tss - france - ,3929940
2IkoKhr6Tss - germany - ,3877431
2IkoKhr6Tss - india - ,3909822
2IkoKhr6Tss - japan - ,4020759
2IkoKhr6Tss - korea - ,4072462
2IkoKhr6Tss - mexico - ,4010762
2IkoKhr6Tss - russia - ,3603168
2L6gsn7rGqI - Great Britain - ,1113554
2L6gsn7rGqI - USA - ,1146139
2L6gsn7rGqI - canada - ,1189174
2L6gsn7rGqI - germany - ,1113561
2L6gsn7rGqI - india - ,1189173
2ONo4fpnhII - canada - ,1210002
2T2C6jQwmFs - mexico - ,1209163
2Zcz3Z0baVE - Brazil - ,2293839
2Zcz3Z0baVE - Great Britain - ,2293783
2Zcz3Z0baVE - USA - ,2293772
2Zcz3Z0baVE - germany - ,2293787
2Zcz3Z0baVE - russia - ,1748544
2bBkSgQisbg - Brazil - ,1308809
2bBkSgQisbg - Great Britain - ,1236828
2bBkSgQisbg - USA - ,1236828
2bBkSgQisbg - canada - ,1199230
2bBkSgQisbg - france - ,1263779
2bBkSgQisbg - germany - ,1236828
2bBkSgQisbg - mexico - ,1298252
2bBkSgQisbg - russia - ,1090226
2f9TU-F214c - Brazil - ,1069418
2f9TU-F214c - Great Britain - ,1042767
2f9TU-F214c - USA - ,1066617
2f9TU-F214c - canada - ,1066617
2f9TU-F214c - france - ,1061042
2f9TU-F214c - germany - ,1042768
2f9TU-F214c - mexico - ,1069418
2jZqL4eHr3g - india - ,3950633
2lfETGiIDf8 - india - ,1513635
2nY0spA5UL4 - mexico - ,2224077
2nY0spA5UL4 - russia - ,1888833
2rcKpY-4QBI - Brazil - ,1737269
2rcKpY-4QBI - Great Britain - ,1781563
2rcKpY-4QBI - USA - ,1131072
2rcKpY-4QBI - canada - ,1131123
2rcKpY-4QBI - france - ,1781568
2rcKpY-4QBI - germany - ,1656310
2rcKpY-4QBI - india - ,1781565
2rcKpY-4QBI - japan - ,1847648
2rcKpY-4QBI - korea - ,1781568
2rcKpY-4QBI - mexico - ,1823341
2rcKpY-4QBI - russia - ,1491060
32OecHsaoFI - Brazil - ,1444994
338s4Ex3MC4 - Brazil - ,1990106
338s4Ex3MC4 - india - ,1942315
338s4Ex3MC4 - mexico - ,1990106
36w7_45CWKk - india - ,1566891
3CxtK7-XtE0 - Brazil - ,1915027
3CxtK7-XtE0 - Great Britain - ,1986801
3CxtK7-XtE0 - USA - ,2109559
3CxtK7-XtE0 - canada - ,2050004
3CxtK7-XtE0 - france - ,1915007
3CxtK7-XtE0 - germany - ,1914999
3CxtK7-XtE0 - india - ,1914998
3CxtK7-XtE0 - japan - ,2050012
3CxtK7-XtE0 - korea - ,1705909
3CxtK7-XtE0 - mexico - ,2109589
3CxtK7-XtE0 - russia - ,1362555
3FZMeMVlXjc - russia - ,1088286
3Jlv9zhRRbc - canada - ,1035671
3PGo7Hs1yfU - Great Britain - ,1102823
3PGo7Hs1yfU - USA - ,1105689
3PGo7Hs1yfU - canada - ,1102823
3PGo7Hs1yfU - germany - ,1100354
3VTkBuxU4yk - Brazil - ,1218113
3VTkBuxU4yk - Great Britain - ,1149315
3VTkBuxU4yk - USA - ,1218104
3VTkBuxU4yk - canada - ,1188583
3VTkBuxU4yk - france - ,1149321
3VTkBuxU4yk - germany - ,1149317
3VTkBuxU4yk - japan - ,1149327
3VTkBuxU4yk - korea - ,1309731
3VTkBuxU4yk - mexico - ,1218114
3VTkBuxU4yk - russia - ,1005920
3aOMrf2TXnA - russia - ,1778762
3kRl7gkXdXM - Brazil - ,1366924
3kRl7gkXdXM - Great Britain - ,1355921
3kRl7gkXdXM - france - ,1355921
3kRl7gkXdXM - germany - ,1342983
3kRl7gkXdXM - india - ,1331152
3kRl7gkXdXM - japan - ,1374561
3kRl7gkXdXM - korea - ,1374561
3kRl7gkXdXM - mexico - ,1368683
3p7s7Rjh4fg - Brazil - ,1384086
3p7s7Rjh4fg - Great Britain - ,1346807
3p7s7Rjh4fg - USA - ,1368908
3p7s7Rjh4fg - canada - ,1368908
3p7s7Rjh4fg - france - ,1319057
3p7s7Rjh4fg - germany - ,1283246
3p7s7Rjh4fg - japan - ,1384085
3p7s7Rjh4fg - korea - ,1384083
3p7s7Rjh4fg - mexico - ,1384086
3p7s7Rjh4fg - russia - ,1135260
3rlOR4dNpXg - mexico - ,1051204
4-r1bM5YTQI - USA - ,1160900
4-r1bM5YTQI - canada - ,1160900
4-r1bM5YTQI - germany - ,1147162
4-r1bM5YTQI - india - ,1176293
48r7DM5G5Jw - mexico - ,1028740
4AcOtcmZrWk - india - ,2280740
4CCGI83vOVo - germany - ,1503589
4CCGI83vOVo - russia - ,1095090
4P4pagZneVk - russia - ,1616370
4TWR90KJl84 - Brazil - ,1734530
4TWR90KJl84 - Great Britain - ,1734529
4TWR90KJl84 - USA - ,1734529
4TWR90KJl84 - canada - ,1734530
4TWR90KJl84 - france - ,1734530
4TWR90KJl84 - germany - ,1703265
4TWR90KJl84 - india - ,1663007
4TWR90KJl84 - japan - ,1734530
4TWR90KJl84 - korea - ,1864247
4TWR90KJl84 - mexico - ,1734530
4TWR90KJl84 - russia - ,1539673
4orZekvjmo8 - Great Britain - ,1070856
4orZekvjmo8 - USA - ,1124733
4orZekvjmo8 - canada - ,1092328
4orZekvjmo8 - germany - ,1012731
4uM9oNk_Dls - india - ,1104221
4yf-PZDQ_34 - Brazil - ,1047756
4yf-PZDQ_34 - Great Britain - ,1025351
4yf-PZDQ_34 - USA - ,1056535
4yf-PZDQ_34 - canada - ,1056535
4yf-PZDQ_34 - france - ,1011243
4yf-PZDQ_34 - germany - ,1011242
4yf-PZDQ_34 - mexico - ,1047758
549lB7_p5mA - india - ,1540617
58hoktsqk_Q - Brazil - ,1116869
58hoktsqk_Q - Great Britain - ,1089192
58hoktsqk_Q - USA - ,1089192
58hoktsqk_Q - canada - ,1089196
58hoktsqk_Q - france - ,1089197
58hoktsqk_Q - germany - ,1056891
58hoktsqk_Q - japan - ,1152681
58hoktsqk_Q - mexico - ,1137028
5Fg9oZk-5uA - Great Britain - ,2644196
5Fg9oZk-5uA - USA - ,2700253
5Fg9oZk-5uA - canada - ,2665868
5Fg9oZk-5uA - germany - ,2521453
5Fg9oZk-5uA - india - ,2292751
5Fg9oZk-5uA - russia - ,1903175
5GJWxDKyk3A - Brazil - ,1405150
5GJWxDKyk3A - Great Britain - ,1179734
5GJWxDKyk3A - USA - ,1179732
5GJWxDKyk3A - canada - ,1179736
5GJWxDKyk3A - france - ,1179736
5GJWxDKyk3A - germany - ,1123264
5GJWxDKyk3A - mexico - ,1405150
5H8xQF0PwvA - india - ,1155592
5INZBeuaETg - india - ,1055472
5LqeD-m7Iho - Brazil - ,1811569
5MkDvM0zvWs - canada - ,4198255
5aPe9Uy10n4 - USA - ,1623814
5aPe9Uy10n4 - canada - ,1623814
5aPe9Uy10n4 - india - ,1381362
5aPe9Uy10n4 - korea - ,1644221
5h3sIRrQHJE - Brazil - ,1097606
5h3sIRrQHJE - Great Britain - ,1052926
5h3sIRrQHJE - USA - ,1070824
5h3sIRrQHJE - canada - ,1030547
5h3sIRrQHJE - france - ,1052927
5h3sIRrQHJE - mexico - ,1070827
60g72d4Nqss - Brazil - ,1795301
60g72d4Nqss - Great Britain - ,1722534
60g72d4Nqss - USA - ,1777878
60g72d4Nqss - canada - ,1777878
60g72d4Nqss - germany - ,1509499
60g72d4Nqss - korea - ,1833968
60g72d4Nqss - mexico - ,1755887
60g72d4Nqss - russia - ,1364124
6318pLyv12E - india - ,1419431
6318pLyv12E - korea - ,1419432
6318pLyv12E - russia - ,1256400
65PZQ84B7Lo - Great Britain - ,1988783
65PZQ84B7Lo - germany - ,1511706
66TYJJObd6E - Brazil - ,1282617
66TYJJObd6E - Great Britain - ,1252731
66TYJJObd6E - USA - ,1270682
66TYJJObd6E - canada - ,1252732
66TYJJObd6E - france - ,1176509
66TYJJObd6E - germany - ,1176508
66TYJJObd6E - mexico - ,1270684
6ZUPsl0EVuk - Brazil - ,1507905
6ZUPsl0EVuk - Great Britain - ,1436652
6ZUPsl0EVuk - USA - ,1484218
6ZUPsl0EVuk - canada - ,1484220
6ZUPsl0EVuk - france - ,1436653
6ZUPsl0EVuk - germany - ,1436653
6ZUPsl0EVuk - japan - ,1507905
6ZUPsl0EVuk - korea - ,1484222
6ZUPsl0EVuk - mexico - ,1461953
6ZUPsl0EVuk - russia - ,1319583
6eFhEtE47ig - russia - ,1326898
6jevhjDcM18 - canada - ,1908735
6swmTBVI83k - Brazil - ,3799410
6swmTBVI83k - Great Britain - ,3065405
6swmTBVI83k - USA - ,3287141
6swmTBVI83k - canada - ,3287142
6swmTBVI83k - france - ,3287164
6swmTBVI83k - germany - ,2477381
6swmTBVI83k - mexico - ,3473729
6swmTBVI83k - russia - ,1284183
6uq3P7zeYyU - mexico - ,2531346
6uq3P7zeYyU - russia - ,1911422
7BKtMceoGT8 - Brazil - ,1095035
7BKtMceoGT8 - Great Britain - ,1027964
7BKtMceoGT8 - USA - ,1027964
7BKtMceoGT8 - canada - ,1027964
7BKtMceoGT8 - france - ,1027964
7BKtMceoGT8 - germany - ,1001912
7BKtMceoGT8 - india - ,1027964
7BKtMceoGT8 - korea - ,1086433
7BKtMceoGT8 - mexico - ,1095035
7J4IpOmUzvw - russia - ,1725658
7dC9_K0dz48 - USA - ,1306425
7dC9_K0dz48 - canada - ,1258736
7dC9_K0dz48 - mexico - ,1323778
7kndz6-RJqo - germany - ,1156775
7mFvyrNHZRY - india - ,4660930
7pynaH-PPCA - Great Britain - ,1604033
7pynaH-PPCA - USA - ,1642370
7pynaH-PPCA - canada - ,1604033
7pynaH-PPCA - france - ,1580715
7pynaH-PPCA - germany - ,1552090
7pynaH-PPCA - mexico - ,1655099
86Znx3hG57I - Great Britain - ,2420650
86Znx3hG57I - canada - ,2239765
86Znx3hG57I - germany - ,2239765
8LvHKr9JO6E - mexico - ,3184954
8M3WUaeIbOk - Brazil - ,1311937
8M3WUaeIbOk - Great Britain - ,1232227
8M3WUaeIbOk - USA - ,1232227
8M3WUaeIbOk - canada - ,1232229
8M3WUaeIbOk - france - ,1232229
8M3WUaeIbOk - germany - ,1189328
8M3WUaeIbOk - japan - ,1279699
8M3WUaeIbOk - korea - ,1295078
8M3WUaeIbOk - mexico - ,1279699
8M3WUaeIbOk - russia - ,1015648
8SdvBAEn1QY - russia - ,1747212
8TsWkuWWXgc - Brazil - ,2069476
8TsWkuWWXgc - Great Britain - ,1983564
8TsWkuWWXgc - USA - ,2069462
8TsWkuWWXgc - canada - ,2031694
8TsWkuWWXgc - france - ,1983570
8TsWkuWWXgc - germany - ,1983568
8TsWkuWWXgc - india - ,1881100
8TsWkuWWXgc - mexico - ,2095667
8TsWkuWWXgc - russia - ,1631951
8W4kQ8HoO7k - russia - ,1254646
8n49WTTPaM0 - india - ,2120340
91VRyTvjoX4 - Brazil - ,2486143
91VRyTvjoX4 - Great Britain - ,2379771
91VRyTvjoX4 - USA - ,2518543
91VRyTvjoX4 - canada - ,2518546
91VRyTvjoX4 - france - ,2312397
91VRyTvjoX4 - germany - ,2312390
91VRyTvjoX4 - india - ,2312385
91VRyTvjoX4 - japan - ,2379789
91VRyTvjoX4 - mexico - ,2486146
91VRyTvjoX4 - russia - ,1998909
91vECNhvmMY - Brazil - ,1480258
91vECNhvmMY - Great Britain - ,1428378
91vECNhvmMY - USA - ,1517165
91vECNhvmMY - canada - ,1500176
91vECNhvmMY - france - ,1428384
91vECNhvmMY - germany - ,1392145
91vECNhvmMY - mexico - ,1517171
955R_RzdT48 - canada - ,1986182
9DHuHkwaWWs - russia - ,1461171
9Oqf5v4D_oc - mexico - ,1453728
9bqk6ZUsKyA - Great Britain - ,3299922
9bqk6ZUsKyA - USA - ,3331049
9bqk6ZUsKyA - canada - ,3331050
9bqk6ZUsKyA - germany - ,3188063
9bqk6ZUsKyA - india - ,3188059
9rhadTURsrw - Brazil - ,1107373
9rhadTURsrw - Great Britain - ,1087051
9rhadTURsrw - USA - ,1107372
9rhadTURsrw - canada - ,1107373
9rhadTURsrw - france - ,1073813
9rhadTURsrw - germany - ,1073811
9rhadTURsrw - india - ,1028307
9rhadTURsrw - japan - ,1087051
9rhadTURsrw - korea - ,1115904
9rhadTURsrw - mexico - ,1097984
9syCTdjUhCA - Brazil - ,1067806
9syCTdjUhCA - USA - ,1030875
9syCTdjUhCA - canada - ,1011309
9syCTdjUhCA - mexico - ,1046720
9wk6QGhQxKw - Great Britain - ,1658902
9wk6QGhQxKw - france - ,1643688
9wk6QGhQxKw - germany - ,1552568
9wk6QGhQxKw - russia - ,1421164
A5H8zBb3iao - Brazil - ,1625604
A5H8zBb3iao - Great Britain - ,1601637
A5H8zBb3iao - USA - ,1625598
A5H8zBb3iao - canada - ,1625601
A5H8zBb3iao - france - ,1577048
A5H8zBb3iao - germany - ,1537613
A5H8zBb3iao - india - ,1486384
A5H8zBb3iao - japan - ,1625604
A5H8zBb3iao - korea - ,1625603
A5H8zBb3iao - mexico - ,1601643
A5H8zBb3iao - russia - ,1412770
A8AKXdXl0o0 - USA - ,1092509
AFIkc1BN2D8 - Brazil - ,1125527
AKJfakEsgy0 - Great Britain - ,2476014
AKJfakEsgy0 - USA - ,2494869
AKJfakEsgy0 - canada - ,2494872
AKJfakEsgy0 - germany - ,2444405
ASzOzrB-a9E - Brazil - ,1031130
ASzOzrB-a9E - Great Britain - ,1013111
ASzOzrB-a9E - USA - ,1013111
ASzOzrB-a9E - canada - ,1009364
ASzOzrB-a9E - france - ,1004972
ASzOzrB-a9E - japan - ,1013112
ASzOzrB-a9E - mexico - ,1013113
AVXvYqP_BKA - japan - ,1743248
AVXvYqP_BKA - korea - ,1755054
AVXvYqP_BKA - mexico - ,1677937
AWaclujDSuc - Great Britain - ,1268558
AWaclujDSuc - canada - ,1204559
AWaclujDSuc - germany - ,1144728
AaVoGtJDN84 - germany - ,2612870
AbH793jEirI - russia - ,1036953
AckEh7hQY-I - india - ,1040895
AhPbrVRl6NE - india - ,1547711
Ahz_JyVSFXo - canada - ,1181101
AovgaEzowac - mexico - ,1056670
AzOvsmpQVKM - india - ,1363032
B6_iQvaIjXw - Brazil - ,1910555
B6_iQvaIjXw - Great Britain - ,1910531
B6_iQvaIjXw - USA - ,1971029
B6_iQvaIjXw - canada - ,1971036
B6_iQvaIjXw - france - ,1855496
B6_iQvaIjXw - germany - ,1715274
B6_iQvaIjXw - india - ,1715271
B6_iQvaIjXw - japan - ,1910546
B6_iQvaIjXw - mexico - ,1971056
B6_iQvaIjXw - russia - ,1476350
BH6T3CTuncc - USA - ,2667331
BH6T3CTuncc - mexico - ,2747365
BHiWygziyso - Great Britain - ,1064162
BHiWygziyso - USA - ,1064161
BHiWygziyso - canada - ,1064166
BN1MwXUR3PM - india - ,1151855
BNVJk3BR-UI - india - ,1123759
BQ20_V0AgE4 - russia - ,1009501
BSS8Y-0hOlY - japan - ,1006493
BW3fTla26MM - mexico - ,3387846
BboMpayJomw - Brazil - ,1112233
BboMpayJomw - Great Britain - ,1112226
BboMpayJomw - USA - ,1128113
BboMpayJomw - canada - ,1112226
BboMpayJomw - france - ,1090581
BboMpayJomw - germany - ,1112226
BboMpayJomw - india - ,1058068
BboMpayJomw - japan - ,1128115
BboMpayJomw - mexico - ,1128116
BboMpayJomw - russia - ,1014141
Bd5NdDwi95U - germany - ,1278309
BflFNMl_UWY - Brazil - ,2479797
BflFNMl_UWY - Great Britain - ,2437547
BflFNMl_UWY - USA - ,2479779
BflFNMl_UWY - canada - ,2479786
BflFNMl_UWY - france - ,2399390
BflFNMl_UWY - germany - ,2399388
BflFNMl_UWY - india - ,2437549
BflFNMl_UWY - japan - ,2532216
BflFNMl_UWY - korea - ,2549549
BflFNMl_UWY - mexico - ,2510005
BflFNMl_UWY - russia - ,2290186
Bhg-Gw953b0 - USA - ,1792042
Bhg-Gw953b0 - canada - ,1750026
Bhg-Gw953b0 - germany - ,1590877
Bhg-Gw953b0 - russia - ,1340239
BirGdQmXfoU - india - ,2005138
BslKbJkOm98 - india - ,1953379
Bulnzq1_pnE - Great Britain - ,1115815
Bulnzq1_pnE - USA - ,1115815
Bulnzq1_pnE - germany - ,1115823
ByoOG8KDsY0 - Great Britain - ,1554186
ByoOG8KDsY0 - canada - ,1554193
ByoOG8KDsY0 - germany - ,1182943
C1AOtAyuixU - russia - ,1104384
C5kIQ9zpjRI - Great Britain - ,1050845
C5kIQ9zpjRI - USA - ,1050844
C5kIQ9zpjRI - canada - ,1050855
C5kIQ9zpjRI - germany - ,1050854
C5kIQ9zpjRI - japan - ,1050870
C680oxL__ck - Great Britain - ,2148727
C680oxL__ck - USA - ,2189731
C680oxL__ck - canada - ,2189733
C680oxL__ck - germany - ,2121003
C680oxL__ck - india - ,2121000
CBV3C2ITDzk - Great Britain - ,1301333
CBV3C2ITDzk - germany - ,1147292
CFPLIaMpGrY - mexico - ,1209691
CKZvWhCqx1s - Brazil - ,7318663
CKZvWhCqx1s - Great Britain - ,7056708
CKZvWhCqx1s - USA - ,7244067
CKZvWhCqx1s - canada - ,7244069
CKZvWhCqx1s - france - ,7056713
CKZvWhCqx1s - germany - ,6943884
CKZvWhCqx1s - india - ,7056709
CKZvWhCqx1s - japan - ,7318663
CKZvWhCqx1s - korea - ,7508707
CKZvWhCqx1s - mexico - ,7244069
CKZvWhCqx1s - russia - ,6657117
CM4CkVFmTds - Brazil - ,2932512
CM4CkVFmTds - Great Britain - ,2803150
CM4CkVFmTds - USA - ,2874511
CM4CkVFmTds - canada - ,2874519
CM4CkVFmTds - france - ,2874519
CM4CkVFmTds - germany - ,2803158
CM4CkVFmTds - india - ,2803152
CM4CkVFmTds - japan - ,2983882
CM4CkVFmTds - korea - ,3098378
CM4CkVFmTds - mexico - ,2983885
CM4CkVFmTds - russia - ,2330262
CMkMTV4D924 - india - ,1442529
CMqIizVBq6c - mexico - ,1357888
CN4fffh7gmk - Brazil - ,2870736
CN4fffh7gmk - Great Britain - ,2941441
CN4fffh7gmk - USA - ,2997655
CN4fffh7gmk - canada - ,2941446
CN4fffh7gmk - france - ,2870725
CN4fffh7gmk - germany - ,2870717
CN4fffh7gmk - india - ,2870714
CN4fffh7gmk - japan - ,3111240
CN4fffh7gmk - korea - ,3080820
CN4fffh7gmk - mexico - ,2997665
CN4fffh7gmk - russia - ,2508110
CQta9Hq28rI - Great Britain - ,1017526
CQta9Hq28rI - USA - ,1017525
CQta9Hq28rI - canada - ,1017530
CSAIPNGf_wU - canada - ,1384239
CWz6PRLq4wg - Great Britain - ,1521490
CWz6PRLq4wg - canada - ,1521490
CWz6PRLq4wg - germany - ,1398274
CXrFvg_waI8 - USA - ,1195605
CXrFvg_waI8 - mexico - ,1253384
CslrQbWW_8k - USA - ,1004177
CslrQbWW_8k - canada - ,1004178
CuklIb9d3fI - Brazil - ,12403586
CuklIb9d3fI - Great Britain - ,12117314
CuklIb9d3fI - USA - ,12117314
CuklIb9d3fI - canada - ,11988838
CuklIb9d3fI - france - ,12225973
CuklIb9d3fI - germany - ,11988838
CuklIb9d3fI - india - ,12225971
CuklIb9d3fI - japan - ,12403584
CuklIb9d3fI - korea - ,12767906
CuklIb9d3fI - mexico - ,12403586
CuklIb9d3fI - russia - ,11357978
CuyTC8FLICY - Brazil - ,1035748
Cz6-1nJDmN8 - Brazil - ,2327854
Cz6-1nJDmN8 - USA - ,2308638
Cz6-1nJDmN8 - canada - ,2297580
Cz6-1nJDmN8 - france - ,2297580
Cz6-1nJDmN8 - germany - ,2291860
Cz6-1nJDmN8 - india - ,2291858
Cz6-1nJDmN8 - japan - ,2327854
Cz6-1nJDmN8 - mexico - ,2324254
Cz6-1nJDmN8 - russia - ,1863586
D5wEheu9uA0 - russia - ,1162740
DRyQKYkyfU0 - india - ,1498103
DTvS9lvRxZ8 - Great Britain - ,1362020
DTvS9lvRxZ8 - USA - ,1362020
DTvS9lvRxZ8 - canada - ,1362023
DTvS9lvRxZ8 - germany - ,1362023
DTvS9lvRxZ8 - india - ,1280148
DUwlGduupRI - india - ,3997842
DZC7zzgtPwM - germany - ,1153438
DZC7zzgtPwM - india - ,1362947
DbXMjAYSa68 - Brazil - ,3924400
DbXMjAYSa68 - Great Britain - ,3742547
DbXMjAYSa68 - france - ,3709767
DbXMjAYSa68 - germany - ,3553855
DbXMjAYSa68 - india - ,3773753
DbXMjAYSa68 - japan - ,4058642
DbXMjAYSa68 - korea - ,4058638
DbXMjAYSa68 - mexico - ,3608334
DbXMjAYSa68 - russia - ,3431586
Dc2ZRmuH5OM - Great Britain - ,1279413
Dc2ZRmuH5OM - USA - ,1306423
Dc2ZRmuH5OM - canada - ,1279414
Dc2ZRmuH5OM - germany - ,1235088
Dc2ZRmuH5OM - india - ,1235086
DjL9di-UIYc - mexico - ,1020025
DslHQto2V7I - Brazil - ,1046156
DslHQto2V7I - Great Britain - ,1007843
DslHQto2V7I - USA - ,1030708
DslHQto2V7I - canada - ,1030708
DslHQto2V7I - japan - ,1046156
DslHQto2V7I - korea - ,1088085
DslHQto2V7I - mexico - ,1007845
DuDX6wNfjqc - Brazil - ,1474570
DuDX6wNfjqc - Great Britain - ,1450543
DuDX6wNfjqc - USA - ,1463869
DuDX6wNfjqc - canada - ,1463870
DuDX6wNfjqc - france - ,1461522
DuDX6wNfjqc - germany - ,1405858
DuDX6wNfjqc - japan - ,1474570
DuDX6wNfjqc - korea - ,1474570
DuDX6wNfjqc - mexico - ,1474570
DuDX6wNfjqc - russia - ,1305208
DuQbOQwVaNE - Great Britain - ,1645112
DuQbOQwVaNE - USA - ,1661561
DuQbOQwVaNE - canada - ,1661561
DuQbOQwVaNE - germany - ,1560846
DuQbOQwVaNE - india - ,1560846
E-R5oN80RPo - mexico - ,1041478
E6E22XQPhhg - Great Britain - ,1657027
E6E22XQPhhg - USA - ,1670788
E6E22XQPhhg - canada - ,1657027
E6E22XQPhhg - germany - ,1575774
E6E22XQPhhg - india - ,1627426
EN1EnzVDjKQ - mexico - ,1372509
EN5Ga6OMwhA - Brazil - ,1191308
EN5Ga6OMwhA - Great Britain - ,1170011
EN5Ga6OMwhA - USA - ,1170011
EN5Ga6OMwhA - canada - ,1170011
EN5Ga6OMwhA - france - ,1150836
EN5Ga6OMwhA - germany - ,1123846
EN5Ga6OMwhA - japan - ,1199283
EN5Ga6OMwhA - korea - ,1211402
EN5Ga6OMwhA - mexico - ,1199283
EVqrcI8hz70 - canada - ,2116416
EVqrcI8hz70 - germany - ,1509093
E_SZ3ObGyTA - Brazil - ,2935572
E_SZ3ObGyTA - Great Britain - ,2796888
E_SZ3ObGyTA - USA - ,2899170
E_SZ3ObGyTA - canada - ,2899221
E_SZ3ObGyTA - france - ,2740995
E_SZ3ObGyTA - germany - ,2686929
E_SZ3ObGyTA - india - ,2796888
E_SZ3ObGyTA - japan - ,2925793
E_SZ3ObGyTA - korea - ,2934488
E_SZ3ObGyTA - mexico - ,2931875
E_SZ3ObGyTA - russia - ,2630771
EaswWiwMVs8 - Brazil - ,2417317
EaswWiwMVs8 - Great Britain - ,2417314
EaswWiwMVs8 - USA - ,2417314
EaswWiwMVs8 - canada - ,2361023
EaswWiwMVs8 - france - ,2417317
EaswWiwMVs8 - germany - ,2175641
EaswWiwMVs8 - india - ,2175640
EaswWiwMVs8 - japan - ,2502811
EaswWiwMVs8 - korea - ,2502811
EaswWiwMVs8 - mexico - ,2502811
EaswWiwMVs8 - russia - ,1899737
ElqVzWwM-dc - Great Britain - ,1651945
ElqVzWwM-dc - germany - ,1283320
Et8WU1rT68c - canada - ,2410754
F0X3uAh-vqo - germany - ,1349595
F40o4W3HwWg - Great Britain - ,1242598
F40o4W3HwWg - canada - ,1242598
F40o4W3HwWg - france - ,1242598
F40o4W3HwWg - germany - ,1130129
F43Rj9c1TQs - japan - ,1239275
F5jx75KYhNY - india - ,1035914
F8c8f2nK82w - Brazil - ,1072482
F8c8f2nK82w - Great Britain - ,1027830
F8c8f2nK82w - USA - ,1111276
F8c8f2nK82w - canada - ,1072465
F8c8f2nK82w - france - ,1027834
F8c8f2nK82w - germany - ,1027832
F8c8f2nK82w - japan - ,1140172
F8c8f2nK82w - mexico - ,1140174
FKYBHMVrh8Q - india - ,1642735
FLGCGc7sAUw - Brazil - ,5813593
FLGCGc7sAUw - Great Britain - ,5627368
FLGCGc7sAUw - USA - ,5627368
FLGCGc7sAUw - canada - ,5627377
FLGCGc7sAUw - france - ,5154799
FLGCGc7sAUw - germany - ,5154797
FLGCGc7sAUw - mexico - ,5627398
FLGCGc7sAUw - russia - ,3867285
FMWiJwLG0j4 - Brazil - ,1221815
FXcLiqIKdmw - Great Britain - ,1206636
FXcLiqIKdmw - USA - ,1206636
FXcLiqIKdmw - canada - ,1206636
FXcLiqIKdmw - germany - ,1178974
F_YwQVXQbrY - Brazil - ,2300583
Fc-fa6cAe2c - Brazil - ,1833672
Fc-fa6cAe2c - Great Britain - ,1782190
Fc-fa6cAe2c - USA - ,1833667
Fc-fa6cAe2c - canada - ,1782191
Fc-fa6cAe2c - france - ,1742274
Fc-fa6cAe2c - germany - ,1699766
Fc-fa6cAe2c - india - ,1742266
Fc-fa6cAe2c - korea - ,1782193
Fc-fa6cAe2c - mexico - ,1833673
Fc-fa6cAe2c - russia - ,1545269
Fc7-Oe0tj5k - Brazil - ,1661624
Fc7-Oe0tj5k - Great Britain - ,1611357
Fc7-Oe0tj5k - USA - ,1611356
Fc7-Oe0tj5k - canada - ,1576902
Fc7-Oe0tj5k - france - ,1576904
Fc7-Oe0tj5k - germany - ,1534590
Fc7-Oe0tj5k - india - ,1483200
Fc7-Oe0tj5k - japan - ,1681127
Fc7-Oe0tj5k - mexico - ,1638599
Fc7-Oe0tj5k - russia - ,1328445
Fd65Xzl-cMw - russia - ,1339531
Fw7fbKoK3e8 - Brazil - ,1939065
Fw7fbKoK3e8 - Great Britain - ,1866882
Fw7fbKoK3e8 - USA - ,1866882
Fw7fbKoK3e8 - canada - ,1841163
Fw7fbKoK3e8 - germany - ,1841163
Fwg9-MXdBYA - Great Britain - ,1116109
Fwg9-MXdBYA - USA - ,1140348
Fwg9-MXdBYA - canada - ,1140349
Fwg9-MXdBYA - france - ,1074242
Fwg9-MXdBYA - germany - ,1116109
Fwg9-MXdBYA - japan - ,1182686
Fwg9-MXdBYA - korea - ,1172523
Fwg9-MXdBYA - russia - ,1007506
G2bx3FzgJ6o - Brazil - ,1054259
G2bx3FzgJ6o - USA - ,1034218
G2bx3FzgJ6o - canada - ,1034221
G2bx3FzgJ6o - korea - ,1054255
G2bx3FzgJ6o - mexico - ,1054261
G7ONrDab6cU - Brazil - ,1079983
G7ONrDab6cU - Great Britain - ,1071972
G7ONrDab6cU - USA - ,1079977
G7ONrDab6cU - canada - ,1079981
G7ONrDab6cU - france - ,1063410
G7ONrDab6cU - germany - ,1063410
G7ONrDab6cU - mexico - ,1079983
G7ONrDab6cU - russia - ,1024410
GLoeAJUcz38 - Great Britain - ,1123056
GLoeAJUcz38 - USA - ,1162996
GLoeAJUcz38 - canada - ,1163000
GLoeAJUcz38 - germany - ,1002915
GXSxsI2VKj0 - russia - ,1497518
GXzkbeKrbkc - russia - ,1535591
GbwpvjAEZv0 - india - ,1034148
Ge4AKbnr6ME - USA - ,1243771
Ge4AKbnr6ME - mexico - ,1243787
Glu52GyaC1Y - germany - ,1629623
GuTKZSQG_JM - Great Britain - ,1376907
GuTKZSQG_JM - canada - ,1680088
GuTKZSQG_JM - germany - ,1171032
H12SwqwR2NE - Brazil - ,5680984
H12SwqwR2NE - Great Britain - ,5386226
H12SwqwR2NE - USA - ,5386225
H12SwqwR2NE - canada - ,5291597
H12SwqwR2NE - france - ,5386229
H12SwqwR2NE - germany - ,5291597
H12SwqwR2NE - india - ,5501846
H12SwqwR2NE - korea - ,5980475
H12SwqwR2NE - mexico - ,5680984
H12SwqwR2NE - russia - ,4874614
HARdHQb1Li4 - india - ,1190462
HO7CRp44s10 - germany - ,1573198
HO7CRp44s10 - india - ,1991554
HO7CRp44s10 - russia - ,1867167
HQJR3nG5zIo - canada - ,1875721
HV8RJdNdJrs - germany - ,1297638
HYloA_WXra4 - germany - ,1573634
HbeLYtQqkIg - mexico - ,1050652
Hryms86U1cE - USA - ,1285402
Hryms86U1cE - canada - ,1305678
Hryms86U1cE - germany - ,1239883
Hryms86U1cE - india - ,1146836
Hryms86U1cE - korea - ,1305680
Hryms86U1cE - russia - ,1146853
Hw3NH_-_ja8 - india - ,1496404
HwoyV6zaPu0 - russia - ,1226162
HwpUtagJ4PE - Brazil - ,2628554
HwpUtagJ4PE - Great Britain - ,1974041
HwpUtagJ4PE - USA - ,2469516
HwpUtagJ4PE - canada - ,1671232
I-jQlIt9B-I - india - ,1215343
I3igok9jQIo - Brazil - ,1206049
I3igok9jQIo - Great Britain - ,1229295
I3igok9jQIo - USA - ,1246832
I3igok9jQIo - canada - ,1246833
I3igok9jQIo - france - ,1206044
I3igok9jQIo - germany - ,1229298
I3igok9jQIo - india - ,1206040
I3igok9jQIo - japan - ,1274768
I3igok9jQIo - korea - ,1259796
I3igok9jQIo - mexico - ,1246840
I3igok9jQIo - russia - ,1124990
ICdXsIBoMBQ - russia - ,1214758
IO1Nl9ErTsI - Brazil - ,1399538
IO1Nl9ErTsI - Great Britain - ,1347320
IO1Nl9ErTsI - USA - ,1347320
IO1Nl9ErTsI - canada - ,1324329
IO1Nl9ErTsI - france - ,1288397
IO1Nl9ErTsI - germany - ,1288397
IO1Nl9ErTsI - mexico - ,1407482
IO1Nl9ErTsI - russia - ,1146684
Ilx_xJHuhAc - india - ,1666678
InhZS6SiAbM - russia - ,1943522
IoZri9hq7z4 - Great Britain - ,1287824
IoZri9hq7z4 - USA - ,1340118
IoZri9hq7z4 - canada - ,1321029
IoZri9hq7z4 - india - ,1217559
Iq6RdCTLBd8 - Brazil - ,2017043
Izra3S2xCtM - Great Britain - ,1290270
J8fQMq4T8Yg - korea - ,1012942
JCsd1pnbbzI - russia - ,1299915
JHRUmMZRIiA - canada - ,1305081
JQxQqdn9dEM - Brazil - ,5733730
JQxQqdn9dEM - Great Britain - ,5326348
JQxQqdn9dEM - france - ,5326362
JQxQqdn9dEM - germany - ,5326359
JQxQqdn9dEM - india - ,5717790
JQxQqdn9dEM - korea - ,5717793
JQxQqdn9dEM - russia - ,4092363
JjyZ3Gnim58 - india - ,1009769
JjyZ3Gnim58 - korea - ,1057941
JzODRUBBXpc - Brazil - ,2152332
JzODRUBBXpc - Great Britain - ,2152331
JzODRUBBXpc - USA - ,2116381
JzODRUBBXpc - canada - ,2054874
JzODRUBBXpc - france - ,2116384
JzODRUBBXpc - germany - ,1988218
JzODRUBBXpc - india - ,1915194
JzODRUBBXpc - japan - ,2213172
JzODRUBBXpc - korea - ,2261472
JzODRUBBXpc - mexico - ,2180465
JzODRUBBXpc - russia - ,1825258
K3xWbaT-FgA - Brazil - ,1788156
K7BMF0ozFS0 - Brazil - ,2948485
K7BMF0ozFS0 - USA - ,2948479
K7BMF0ozFS0 - canada - ,2917450
K7BMF0ozFS0 - france - ,2761911
K7BMF0ozFS0 - germany - ,2761901
K7BMF0ozFS0 - india - ,2819088
K7BMF0ozFS0 - mexico - ,2917460
K7BMF0ozFS0 - russia - ,2472722
K9_VFxzCuQ0 - Brazil - ,3952678
K9_VFxzCuQ0 - USA - ,3859025
K9_VFxzCuQ0 - canada - ,3859025
K9_VFxzCuQ0 - france - ,3820815
K9_VFxzCuQ0 - germany - ,3726764
K9_VFxzCuQ0 - india - ,3773450
K9_VFxzCuQ0 - mexico - ,3888013
K9_VFxzCuQ0 - russia - ,3463024
KAhADAUje9g - Brazil - ,1222836
KIK3azN4w34 - Brazil - ,1297460
KIK3azN4w34 - Great Britain - ,1261206
KIK3azN4w34 - USA - ,1280627
KIK3azN4w34 - canada - ,1280630
KIK3azN4w34 - france - ,1203608
KIK3azN4w34 - germany - ,1203606
KIK3azN4w34 - india - ,1203606
KIK3azN4w34 - japan - ,1236253
KIK3azN4w34 - mexico - ,1261216
KWQhRId_7RA - USA - ,1222657
Kw0Mvqpj3Rs - Brazil - ,1574896
Kw0Mvqpj3Rs - Great Britain - ,1566059
Kw0Mvqpj3Rs - USA - ,1566057
Kw0Mvqpj3Rs - canada - ,1572069
Kw0Mvqpj3Rs - france - ,1566061
Kw0Mvqpj3Rs - germany - ,1552751
Kw0Mvqpj3Rs - india - ,1566059
Kw0Mvqpj3Rs - japan - ,1572069
Kw0Mvqpj3Rs - korea - ,1576418
Kw0Mvqpj3Rs - mexico - ,1574896
Kw0Mvqpj3Rs - russia - ,1521505
KwM4yOwMls4 - Brazil - ,1014711
L0X03zR0rQk - Brazil - ,1693339
L0X03zR0rQk - Great Britain - ,1674214
L0X03zR0rQk - USA - ,1684775
L0X03zR0rQk - canada - ,1684776
L0X03zR0rQk - france - ,1640724
L0X03zR0rQk - germany - ,1640724
L0X03zR0rQk - india - ,1584757
L0X03zR0rQk - mexico - ,1684781
L0X03zR0rQk - russia - ,1468442
L2CKXBmUB84 - canada - ,1301033
L2CKXBmUB84 - germany - ,1194108
LC_6Brlu-TY - mexico - ,1601059
LDPSNwJPnGY - mexico - ,2370486
LDPSNwJPnGY - russia - ,2201768
LGkUW5cUPz8 - Brazil - ,3576256
LGkUW5cUPz8 - Great Britain - ,3456073
LGkUW5cUPz8 - USA - ,3512305
LGkUW5cUPz8 - canada - ,3512311
LGkUW5cUPz8 - france - ,3456082
LGkUW5cUPz8 - germany - ,3347142
LGkUW5cUPz8 - india - ,3456077
LGkUW5cUPz8 - japan - ,3512320
LGkUW5cUPz8 - korea - ,3620144
LGkUW5cUPz8 - mexico - ,3547741
LGkUW5cUPz8 - russia - ,3145339
LGs6vR8_Ffk - mexico - ,1171637
LH0CWJYgEaI - Great Britain - ,1028392
LH0CWJYgEaI - USA - ,1037429
LH0CWJYgEaI - canada - ,1028392
LIIDh-qI9oI - Brazil - ,1696368
LIIDh-qI9oI - Great Britain - ,1587302
LIIDh-qI9oI - USA - ,1637068
LIIDh-qI9oI - canada - ,1637070
LIIDh-qI9oI - france - ,1527541
LIIDh-qI9oI - germany - ,1587306
LIIDh-qI9oI - india - ,1468883
LIIDh-qI9oI - mexico - ,1671217
LIIDh-qI9oI - russia - ,1260793
LKSfLGtfrBA - Brazil - ,1316423
LKSfLGtfrBA - Great Britain - ,1222492
LKSfLGtfrBA - USA - ,1252596
LKSfLGtfrBA - canada - ,1222492
LKSfLGtfrBA - france - ,1222492
LKSfLGtfrBA - germany - ,1183251
LKSfLGtfrBA - india - ,1183251
LKSfLGtfrBA - mexico - ,1279016
LKSfLGtfrBA - russia - ,1053520
LRWpLcqpkCg - russia - ,1197003
LS6DD1rscNw - russia - ,1636957
LWeiydKl0mU - Brazil - ,1190510
LWeiydKl0mU - Great Britain - ,1115104
LWeiydKl0mU - USA - ,1144355
LWeiydKl0mU - canada - ,1144356
LWeiydKl0mU - france - ,1041709
LWeiydKl0mU - germany - ,1041709
LWeiydKl0mU - india - ,1041705
LWeiydKl0mU - japan - ,1144360
LWeiydKl0mU - mexico - ,1115110
L_8uNmiLW70 - canada - ,1253470
Lb5TF0shphY - japan - ,1613779
LeYsRMZFUq0 - Great Britain - ,2453839
LeYsRMZFUq0 - USA - ,2453839
LeYsRMZFUq0 - canada - ,2453845
LeYsRMZFUq0 - germany - ,2362485
LeYsRMZFUq0 - india - ,2362484
Lk2oDvoonUc - india - ,1181612
LkMtvbESUdY - russia - ,1229410
LqrJ1-qN-eY - canada - ,1541132
LqrJ1-qN-eY - germany - ,1361711
LtLJRNBHOKc - india - ,2311665
M06ju3qJqA4 - russia - ,1529077
M42iN5BMVsY - mexico - ,1048018
M7lIml8-eHU - Brazil - ,1551667
M7lIml8-eHU - Great Britain - ,1500479
M7lIml8-eHU - france - ,1500480
M7lIml8-eHU - germany - ,1480193
M7lIml8-eHU - india - ,1350256
M7lIml8-eHU - mexico - ,1558862
M7lIml8-eHU - russia - ,1423834
MH_vjfNPv70 - Brazil - ,1599032
MH_vjfNPv70 - Great Britain - ,1572324
MH_vjfNPv70 - USA - ,1599023
MH_vjfNPv70 - canada - ,1599027
MH_vjfNPv70 - france - ,1572339
MH_vjfNPv70 - germany - ,1572331
MH_vjfNPv70 - india - ,1599024
MH_vjfNPv70 - japan - ,1661770
MH_vjfNPv70 - korea - ,1706062
MH_vjfNPv70 - mexico - ,1620406
MH_vjfNPv70 - russia - ,1477288
MPbUaIZAaeA - Brazil - ,2397015
MPbUaIZAaeA - Great Britain - ,2337924
MPbUaIZAaeA - USA - ,2440385
MPbUaIZAaeA - canada - ,2440397
MPbUaIZAaeA - france - ,2337943
MPbUaIZAaeA - germany - ,2254794
MPbUaIZAaeA - india - ,2337930
MPbUaIZAaeA - japan - ,2397015
MPbUaIZAaeA - mexico - ,2397016
MPbUaIZAaeA - russia - ,1650886
MXFkjMNXfpY - Brazil - ,1535980
MXFkjMNXfpY - Great Britain - ,1950415
MXFkjMNXfpY - USA - ,1914930
MXFkjMNXfpY - canada - ,1914939
MXFkjMNXfpY - france - ,1950419
MXFkjMNXfpY - germany - ,1914939
MXFkjMNXfpY - india - ,1950416
MXFkjMNXfpY - japan - ,1997725
MXFkjMNXfpY - korea - ,2003619
MXFkjMNXfpY - mexico - ,1732340
MXFkjMNXfpY - russia - ,1732328
MzwYN2eVv0E - india - ,1787223
N4rlE4BXz_c - mexico - ,1125300
N5MQ3LY3twA - Brazil - ,1815914
N5MQ3LY3twA - germany - ,1653039
N5MQ3LY3twA - india - ,1737339
N5MQ3LY3twA - mexico - ,1775117
N5MQ3LY3twA - russia - ,1653040
N9lqbhVVTck - Great Britain - ,1455123
N9lqbhVVTck - germany - ,1214042
N9lqbhVVTck - india - ,1545306
NAo38Q9c4xA - Brazil - ,1197627
NAo38Q9c4xA - Great Britain - ,1160894
NAo38Q9c4xA - USA - ,1197618
NAo38Q9c4xA - canada - ,1197627
NAo38Q9c4xA - france - ,1160895
NAo38Q9c4xA - germany - ,1160895
NAo38Q9c4xA - india - ,1160895
NAo38Q9c4xA - mexico - ,1197635
NLcim9EPx6c - Brazil - ,2221471
NLcim9EPx6c - Great Britain - ,2137728
NLcim9EPx6c - USA - ,2200577
NLcim9EPx6c - canada - ,2137729
NLcim9EPx6c - france - ,2048213
NLcim9EPx6c - germany - ,2087688
NLcim9EPx6c - india - ,2048211
NLcim9EPx6c - japan - ,2235962
NLcim9EPx6c - korea - ,2235961
NLcim9EPx6c - mexico - ,2173486
NLcim9EPx6c - russia - ,1863118
NTZ3gZmCgkU - japan - ,1094898
NZlClr_ivb4 - Great Britain - ,1553704
NZlClr_ivb4 - USA - ,1553704
NZlClr_ivb4 - canada - ,1553704
NZlClr_ivb4 - germany - ,1469613
NZlClr_ivb4 - india - ,1469613
NZlClr_ivb4 - russia - ,1285055
Nen3znckQgg - germany - ,1241833
Nxa5I-Iiig8 - india - ,2413206
NynKbcqRY_c - canada - ,1870934
NynKbcqRY_c - germany - ,1586444
O4-Ta0VQeOA - russia - ,1056102
O4XGsIDesEI - Great Britain - ,1148935
O4XGsIDesEI - canada - ,1148935
O4XGsIDesEI - germany - ,1020359
O8Xq4xfH2ro - Brazil - ,1072243
O8Xq4xfH2ro - Great Britain - ,1032819
O8Xq4xfH2ro - USA - ,1047771
O8Xq4xfH2ro - canada - ,1010228
O8Xq4xfH2ro - france - ,1021574
O8Xq4xfH2ro - japan - ,1068016
O8Xq4xfH2ro - korea - ,1074835
O8Xq4xfH2ro - mexico - ,1072243
OC29BN3R8dM - Brazil - ,1262478
OC29BN3R8dM - Great Britain - ,1122990
OC29BN3R8dM - USA - ,1195213
OC29BN3R8dM - canada - ,1195216
OC29BN3R8dM - france - ,1122993
OC29BN3R8dM - germany - ,1122990
OC29BN3R8dM - india - ,1122990
OC29BN3R8dM - japan - ,1282437
OC29BN3R8dM - korea - ,1289758
OC29BN3R8dM - mexico - ,1248160
OC29BN3R8dM - russia - ,1074698
OEu1OWf8ezU - Brazil - ,1340594
OEu1OWf8ezU - Great Britain - ,1271732
OEu1OWf8ezU - USA - ,1323298
OEu1OWf8ezU - canada - ,1302773
OEu1OWf8ezU - france - ,1230767
OEu1OWf8ezU - germany - ,1230766
OEu1OWf8ezU - korea - ,1378851
OEu1OWf8ezU - mexico - ,1323302
OEu1OWf8ezU - russia - ,1054577
OGMm7g0tdRA - india - ,1928791
OGUy2UmRxJ0 - Brazil - ,1210217
OGUy2UmRxJ0 - Great Britain - ,1210214
OGUy2UmRxJ0 - USA - ,1210214
OGUy2UmRxJ0 - canada - ,1210214
OGUy2UmRxJ0 - france - ,1189642
OGUy2UmRxJ0 - germany - ,1127931
OGUy2UmRxJ0 - mexico - ,1224294
OH-ZzcwL_4E - mexico - ,1061555
OOMxU9f1FBU - Brazil - ,5674418
OOMxU9f1FBU - Great Britain - ,5674417
OOMxU9f1FBU - USA - ,5674417
OOMxU9f1FBU - canada - ,5674417
OOMxU9f1FBU - france - ,5674417
OOMxU9f1FBU - germany - ,5674417
OOMxU9f1FBU - india - ,5674417
OOMxU9f1FBU - japan - ,5622660
OOMxU9f1FBU - korea - ,5696952
OOMxU9f1FBU - mexico - ,5674418
OOMxU9f1FBU - russia - ,5622655
OORBa32WFcM - Brazil - ,1230139
OORBa32WFcM - Great Britain - ,1155350
OORBa32WFcM - USA - ,1155350
OORBa32WFcM - canada - ,1155350
OORBa32WFcM - france - ,1182476
OORBa32WFcM - germany - ,1155350
OORBa32WFcM - india - ,1039648
OORBa32WFcM - mexico - ,1216727
OZD_EU_hMUQ - Brazil - ,2045993
OZD_EU_hMUQ - france - ,1997462
OZD_EU_hMUQ - germany - ,1997137
OZD_EU_hMUQ - india - ,1798872
OZD_EU_hMUQ - mexico - ,2038576
OZD_EU_hMUQ - russia - ,1960622
OckT28J6LQk - india - ,2323633
OdPuhKChqIw - russia - ,1027442
OgxSxkZB6zk - mexico - ,1083666
Oh5uLLNO1dI - USA - ,2303028
Oh5uLLNO1dI - canada - ,2070798
Oh5uLLNO1dI - india - ,2547659
OtnlGdFCJvY - india - ,2210872
OuPOvNjQ28M - germany - ,1057215
P0ya8iGw2QE - Great Britain - ,3815489
P0ya8iGw2QE - germany - ,3661735
P1xKV0Dmetg - india - ,1293877
P3cffdsEXXw - Brazil - ,3078650
P3cffdsEXXw - Great Britain - ,2997344
P3cffdsEXXw - USA - ,3042591
P3cffdsEXXw - canada - ,3042602
P3cffdsEXXw - france - ,2997355
P3cffdsEXXw - germany - ,2997348
P3cffdsEXXw - india - ,2889892
P3cffdsEXXw - mexico - ,3104946
P3cffdsEXXw - russia - ,2239841
PG2-M47KrRI - russia - ,1393660
PJD7YnBZ5kw - Great Britain - ,1181249
PJD7YnBZ5kw - germany - ,1123640
PJD7YnBZ5kw - india - ,1199087
PKtnafFtfEo - Great Britain - ,3835961
PKtnafFtfEo - USA - ,3871379
PKtnafFtfEo - canada - ,3871385
PKtnafFtfEo - france - ,3757459
PKtnafFtfEo - germany - ,3757455
PKtnafFtfEo - india - ,3335630
PKtnafFtfEo - mexico - ,3835972
PO6nynliE0Q - india - ,1015276
PRz64kSEJqs - USA - ,4195786
PRz64kSEJqs - canada - ,4070282
PRz64kSEJqs - germany - ,3996108
PRz64kSEJqs - india - ,4347834
PYaFn5dgG6s - canada - ,1292337
Ph821vyBYKo - russia - ,1100703
PkKnp4SdE-w - Brazil - ,2412602
PkKnp4SdE-w - Great Britain - ,2318954
PkKnp4SdE-w - USA - ,2318954
PkKnp4SdE-w - canada - ,2318954
PkKnp4SdE-w - france - ,2259860
PkKnp4SdE-w - germany - ,2112822
PkKnp4SdE-w - india - ,2112822
PkKnp4SdE-w - japan - ,2447748
PkKnp4SdE-w - korea - ,2532612
PkKnp4SdE-w - mexico - ,2318955
PkKnp4SdE-w - russia - ,1912354
PtaP4UkZKyc - Great Britain - ,1626180
PtaP4UkZKyc - USA - ,1640114
PtaP4UkZKyc - canada - ,1640118
PtaP4UkZKyc - france - ,1600783
PtaP4UkZKyc - germany - ,1567206
PtaP4UkZKyc - japan - ,1640118
PtaP4UkZKyc - korea - ,1665585
PtaP4UkZKyc - russia - ,1483827
PtvZywhs6xY - russia - ,1088770
Q88P1gpOJxA - Brazil - ,1829430
Q88P1gpOJxA - Great Britain - ,1806964
Q88P1gpOJxA - USA - ,1821288
Q88P1gpOJxA - canada - ,1821289
Q88P1gpOJxA - france - ,1787185
Q88P1gpOJxA - germany - ,1764572
Q88P1gpOJxA - japan - ,1835413
Q88P1gpOJxA - korea - ,1844646
Q88P1gpOJxA - mexico - ,1787187
Q88P1gpOJxA - russia - ,1663738
QLKsrtMw2MA - Great Britain - ,1178137
QLKsrtMw2MA - canada - ,2842621
QLKsrtMw2MA - germany - ,1178141
QM3UsbW1B3M - india - ,1548905
QPUjV7epJqE - USA - ,1489614
QPUjV7epJqE - canada - ,1458231
QPUjV7epJqE - france - ,1458231
QPUjV7epJqE - germany - ,1422965
QPUjV7epJqE - japan - ,1562933
QPUjV7epJqE - korea - ,1579901
QPUjV7epJqE - mexico - ,1562933
QPUjV7epJqE - russia - ,1090705
QSaW4KB5IQk - Brazil - ,1785957
QSaW4KB5IQk - Great Britain - ,1693215
QSaW4KB5IQk - USA - ,1769665
QSaW4KB5IQk - france - ,1693221
QSaW4KB5IQk - germany - ,1646438
QSaW4KB5IQk - india - ,1727081
QSaW4KB5IQk - japan - ,1727087
QSaW4KB5IQk - korea - ,1785955
QSaW4KB5IQk - mexico - ,1750594
QSaW4KB5IQk - russia - ,1461677
QU8a-kpFeT8 - india - ,1708332
QWZ8pZBViKQ - india - ,2190957
Qah9sSIXJqk - india - ,7699743
Qah9sSIXJqk - russia - ,4376728
QbAvFub1eeY - india - ,1289996
QcS9ZndErHc - Brazil - ,1752647
QcS9ZndErHc - Great Britain - ,1561883
QcS9ZndErHc - USA - ,1661221
QcS9ZndErHc - canada - ,1561887
QcS9ZndErHc - germany - ,1469633
QeTJO70r75s - mexico - ,2289534
QfVs2UnqxM0 - russia - ,1043368
R7klyFU_6xM - Great Britain - ,1270592
R7klyFU_6xM - USA - ,1298544
R7klyFU_6xM - canada - ,1270597
R7klyFU_6xM - germany - ,1215415
RJ0jdO5ZfU4 - Great Britain - ,2555147
RJ0jdO5ZfU4 - USA - ,2591056
RJ0jdO5ZfU4 - canada - ,2555147
RJ0jdO5ZfU4 - germany - ,2458143
RNzQdcPWWX4 - Great Britain - ,1022980
RNzQdcPWWX4 - USA - ,1136485
RNzQdcPWWX4 - canada - ,1062242
RNzQdcPWWX4 - germany - ,1022980
RNzQdcPWWX4 - mexico - ,1245749
RRhjdYsNwAk - Brazil - ,2686116
RRhjdYsNwAk - USA - ,2603850
RRhjdYsNwAk - canada - ,2603850
RRhjdYsNwAk - india - ,2512944
RRhjdYsNwAk - japan - ,2655281
RRhjdYsNwAk - mexico - ,2655281
RRhjdYsNwAk - russia - ,1758379
RUQl6YcMalg - Brazil - ,3597232
RUQl6YcMalg - Great Britain - ,3350157
RUQl6YcMalg - USA - ,3487014
RUQl6YcMalg - canada - ,3487036
RUQl6YcMalg - france - ,3201624
RUQl6YcMalg - germany - ,3201614
RUQl6YcMalg - india - ,3201605
RUQl6YcMalg - japan - ,3201638
RUQl6YcMalg - mexico - ,3597235
RUQl6YcMalg - russia - ,2631861
RYp6SPNSLxw - mexico - ,1121944
R_SMsF9Udc4 - russia - ,1039435
RjbNMogQw8s - Brazil - ,1168844
RjbNMogQw8s - Great Britain - ,1125836
RjbNMogQw8s - USA - ,1196024
RjbNMogQw8s - canada - ,1183849
RjbNMogQw8s - france - ,1095144
RjbNMogQw8s - germany - ,1095139
RjbNMogQw8s - japan - ,1168841
RjbNMogQw8s - korea - ,1183853
RsEZmictANA - Brazil - ,1330166
RsEZmictANA - Great Britain - ,1279281
RsEZmictANA - USA - ,1279280
RsEZmictANA - canada - ,1294645
RsEZmictANA - france - ,1228576
RsEZmictANA - germany - ,1228571
RsEZmictANA - india - ,1257592
RsEZmictANA - japan - ,1257599
RsEZmictANA - korea - ,1294646
RsEZmictANA - mexico - ,1279286
RvcP6V4h_q4 - Brazil - ,2617977
RvcP6V4h_q4 - india - ,2218612
RvcP6V4h_q4 - mexico - ,2658395
RvcP6V4h_q4 - russia - ,2218693
Rz3I0souiEw - mexico - ,1451772
S2dRcipMCpw - Brazil - ,2577290
S2dRcipMCpw - Great Britain - ,2440511
S2dRcipMCpw - USA - ,2487012
S2dRcipMCpw - canada - ,2397206
S2dRcipMCpw - france - ,2397206
S2dRcipMCpw - germany - ,2280312
S2dRcipMCpw - india - ,2317785
S2dRcipMCpw - japan - ,2541931
S2dRcipMCpw - mexico - ,2553709
S2dRcipMCpw - russia - ,2164649
SN0WiRJGBXc - Great Britain - ,4650239
SN0WiRJGBXc - germany - ,4503227
SP_L7rVS6rw - russia - ,1243967
SZQhgExjBvQ - Great Britain - ,1615287
SZQhgExjBvQ - USA - ,1641951
SZQhgExjBvQ - canada - ,1624744
SZQhgExjBvQ - germany - ,1557329
SZQhgExjBvQ - russia - ,1243836
SitAWlBG0Zs - germany - ,1362479
SitAWlBG0Zs - japan - ,1431511
SitAWlBG0Zs - korea - ,1421424
SitAWlBG0Zs - russia - ,1229600
Smd7hcoW82I - mexico - ,1668170
SmkhZ7lZqdU - russia - ,1193808
T6n7lZirQkA - Great Britain - ,3127795
T6n7lZirQkA - canada - ,2928450
T6n7lZirQkA - germany - ,2928446
T6n7lZirQkA - russia - ,1407704
T7lhGz6Bfik - Brazil - ,4090584
T7lhGz6Bfik - Great Britain - ,4064161
T7lhGz6Bfik - USA - ,4064161
T7lhGz6Bfik - canada - ,4037311
T7lhGz6Bfik - france - ,4052017
T7lhGz6Bfik - germany - ,4002886
T7lhGz6Bfik - india - ,4002886
T7lhGz6Bfik - japan - ,4102424
T7lhGz6Bfik - korea - ,4153532
T7lhGz6Bfik - mexico - ,4090584
T8PprcRWG5U - Great Britain - ,1516207
T8PprcRWG5U - USA - ,1516206
T8PprcRWG5U - canada - ,1516213
T8PprcRWG5U - germany - ,1445809
TCx1yMegJ4A - germany - ,1617336
TCx1yMegJ4A - india - ,1964270
TDElbr9Ycsc - india - ,1043189
TDNNkOv8M8Q - Brazil - ,5221045
TDNNkOv8M8Q - Great Britain - ,2836497
TDNNkOv8M8Q - USA - ,4244408
TDNNkOv8M8Q - canada - ,3605211
TDiXxsQ0w2Q - Great Britain - ,1738255
TDiXxsQ0w2Q - USA - ,1748970
TDiXxsQ0w2Q - canada - ,1748972
TDiXxsQ0w2Q - germany - ,1719495
TQHEJj68Jew - Great Britain - ,2038829
TQHEJj68Jew - USA - ,2076132
TQHEJj68Jew - canada - ,2076133
TQHEJj68Jew - germany - ,1986988
TRqVdLpSZCM - india - ,1748119
TYaNfLLOLNY - india - ,1604914
TmKh7lAwnBI - Great Britain - ,1649984
TmKh7lAwnBI - USA - ,2261553
TmKh7lAwnBI - canada - ,2038945
TmKh7lAwnBI - germany - ,1649998
TmKh7lAwnBI - mexico - ,2261643
Tq60c_SaExc - germany - ,1282922
TveUHd1H-Kc - Brazil - ,1279061
TveUHd1H-Kc - mexico - ,1279061
TveUHd1H-Kc - russia - ,1164442
TwQErEKtFDg - USA - ,1031378
TzFRVk2ektI - Brazil - ,1444804
TzFRVk2ektI - Great Britain - ,1395461
TzFRVk2ektI - USA - ,1444741
TzFRVk2ektI - canada - ,1444763
TzFRVk2ektI - france - ,1395470
TzFRVk2ektI - germany - ,1332529
TzFRVk2ektI - japan - ,1516584
TzFRVk2ektI - korea - ,1479946
TzFRVk2ektI - mexico - ,1479949
TzFRVk2ektI - russia - ,1131395
U4agzelMTTk - korea - ,1046075
UB4FzllQCyc - Great Britain - ,1172550
UB4FzllQCyc - canada - ,1209874
UB4FzllQCyc - france - ,1193887
UB4FzllQCyc - germany - ,1092309
UB4FzllQCyc - japan - ,1236967
UB4FzllQCyc - korea - ,1236964
UB4FzllQCyc - mexico - ,1209874
UE5AHE2Ypr8 - Great Britain - ,1788421
UE5AHE2Ypr8 - USA - ,1815713
UE5AHE2Ypr8 - canada - ,1815713
UE5AHE2Ypr8 - germany - ,1726199
UTHLKHL_whs - Brazil - ,2672785
UTHLKHL_whs - Great Britain - ,2524786
UTHLKHL_whs - USA - ,2524786
UTHLKHL_whs - canada - ,2438978
UTHLKHL_whs - france - ,2438978
UTHLKHL_whs - germany - ,2337948
UTHLKHL_whs - mexico - ,2672785
UTHLKHL_whs - russia - ,1899935
UTiXQcrLlv4 - india - ,2413355
Ug8B-vRAi7k - india - ,1143029
UmiVBYrBrkU - Brazil - ,1614415
UmiVBYrBrkU - Great Britain - ,1608602
UmiVBYrBrkU - USA - ,1359203
UmiVBYrBrkU - canada - ,1608603
UmiVBYrBrkU - france - ,1614415
UmiVBYrBrkU - germany - ,1614415
UmiVBYrBrkU - india - ,1615418
UmiVBYrBrkU - korea - ,1614415
UmiVBYrBrkU - mexico - ,1615418
UmiVBYrBrkU - russia - ,1494894
Un7choIyl_g - Brazil - ,1173976
Un7choIyl_g - Great Britain - ,1137174
Un7choIyl_g - france - ,1105298
Un7choIyl_g - germany - ,1105295
Un7choIyl_g - japan - ,1173975
Uo-ZphDU06Y - mexico - ,1237189
UoI9riNffEU - Brazil - ,1440167
UoI9riNffEU - Great Britain - ,1421965
UoI9riNffEU - USA - ,1482712
UoI9riNffEU - canada - ,1456019
UoI9riNffEU - france - ,1421968
UoI9riNffEU - germany - ,1401668
UoI9riNffEU - india - ,1374251
UoI9riNffEU - japan - ,1440167
UoI9riNffEU - korea - ,1482715
UoI9riNffEU - mexico - ,1456024
UoI9riNffEU - russia - ,1286759
UothuQTVg6M - mexico - ,1883196
UrU5Jwkr8qQ - germany - ,1559327
UrU5Jwkr8qQ - russia - ,1003235
V5En3Ks3OjE - india - ,1301770
V6pq4BK0WGs - canada - ,1051429
V6pq4BK0WGs - germany - ,1051429
VAZxSoKb65o - india - ,1013334
VEkj2sanAeU - germany - ,2145869
VEkj2sanAeU - india - ,2484062
VEkj2sanAeU - russia - ,1687948
VHrMlzTcAjs - USA - ,1158744
VHrMlzTcAjs - mexico - ,1211404
VSpgaN3wuag - Brazil - ,1053196
VSpgaN3wuag - Great Britain - ,1034177
VSpgaN3wuag - USA - ,1053193
VSpgaN3wuag - canada - ,1053193
VSpgaN3wuag - india - ,1002447
VSpgaN3wuag - mexico - ,1002456
VUY0tPbVLeA - russia - ,1504283
VUr-PUvivVs - canada - ,1034450
VXyJeBxp2VI - france - ,1001497
VXyJeBxp2VI - germany - ,1001496
Vd9QkWsd5p4 - Brazil - ,2175969
Vd9QkWsd5p4 - Great Britain - ,2099300
Vd9QkWsd5p4 - USA - ,2140083
Vd9QkWsd5p4 - canada - ,2140087
Vd9QkWsd5p4 - france - ,2099308
Vd9QkWsd5p4 - germany - ,2055450
Vd9QkWsd5p4 - india - ,2055448
Vd9QkWsd5p4 - korea - ,2236039
Vd9QkWsd5p4 - mexico - ,2210886
Vd9QkWsd5p4 - russia - ,1750056
VdTviH5Svzc - india - ,1062214
Vl3swga-Xrk - Great Britain - ,1133493
Vl3swga-Xrk - USA - ,1146524
Vl3swga-Xrk - canada - ,1146527
Vl3swga-Xrk - germany - ,1099342
VrKW58MS12g - Great Britain - ,1546123
VrKW58MS12g - USA - ,1572050
VrKW58MS12g - canada - ,1560030
VrKW58MS12g - germany - ,1418031
VrKW58MS12g - india - ,1285419
W2uUlW8PLOY - india - ,3668730
W5NgXKe4SJk - india - ,1144517
WMweEpGlu_U - Brazil - ,16213756
WMweEpGlu_U - Great Britain - ,14202526
WMweEpGlu_U - USA - ,16021534
WMweEpGlu_U - canada - ,16021548
WMweEpGlu_U - france - ,14202561
WMweEpGlu_U - germany - ,14202546
WMweEpGlu_U - india - ,16021542
WMweEpGlu_U - japan - ,16369715
WMweEpGlu_U - korea - ,16464253
WMweEpGlu_U - mexico - ,16213758
WMweEpGlu_U - russia - ,14202588
WRoZgfjzGNQ - india - ,1937570
WRoZgfjzGNQ - mexico - ,2081020
WRoZgfjzGNQ - russia - ,1575994
WTm8etN-aUk - USA - ,1206855
WTm8etN-aUk - mexico - ,1300716
WcwGleN38zE - Great Britain - ,1794373
WcwGleN38zE - USA - ,1810616
WcwGleN38zE - canada - ,1810617
WcwGleN38zE - germany - ,1685500
Wq5S8Dt_HQE - Brazil - ,4085644
Wq5S8Dt_HQE - Great Britain - ,4083109
Wq5S8Dt_HQE - USA - ,4086832
Wq5S8Dt_HQE - canada - ,4085644
Wq5S8Dt_HQE - france - ,4078035
Wq5S8Dt_HQE - germany - ,4085857
Wq5S8Dt_HQE - india - ,4085853
Wq5S8Dt_HQE - japan - ,4086832
Wq5S8Dt_HQE - korea - ,4087552
Wq5S8Dt_HQE - mexico - ,4086832
Wq5S8Dt_HQE - russia - ,4085864
X-uJtV8ScYk - Brazil - ,2125273
X-uJtV8ScYk - Great Britain - ,2018914
X-uJtV8ScYk - USA - ,2077511
X-uJtV8ScYk - canada - ,2018916
X-uJtV8ScYk - france - ,2018917
X-uJtV8ScYk - germany - ,2018915
X-uJtV8ScYk - india - ,1947626
X-uJtV8ScYk - japan - ,2197537
X-uJtV8ScYk - korea - ,2077525
X-uJtV8ScYk - mexico - ,2125280
X-uJtV8ScYk - russia - ,1873016
X20G8tMa6Hg - Great Britain - ,2692164
X20G8tMa6Hg - germany - ,2471069
X7d6Dt17yHk - Brazil - ,1334086
X7d6Dt17yHk - Great Britain - ,1334085
X7d6Dt17yHk - USA - ,1334085
X7d6Dt17yHk - canada - ,1334084
X7d6Dt17yHk - france - ,1334084
X7d6Dt17yHk - germany - ,1302582
X7d6Dt17yHk - mexico - ,1334087
X7d6Dt17yHk - russia - ,1046485
XA2YEHn-A8Q - Brazil - ,2737980
XA2YEHn-A8Q - Great Britain - ,2626749
XA2YEHn-A8Q - USA - ,2626749
XA2YEHn-A8Q - canada - ,2626752
XA2YEHn-A8Q - france - ,2603612
XA2YEHn-A8Q - germany - ,2580630
XA2YEHn-A8Q - india - ,2554872
XA2YEHn-A8Q - japan - ,2737978
XA2YEHn-A8Q - korea - ,2836480
XA2YEHn-A8Q - mexico - ,2667009
XA2YEHn-A8Q - russia - ,2338270
XEy2Rqs5EAs - russia - ,1845670
XNeEdFRB4lU - india - ,1687807
XTTW7Y_60AE - russia - ,1923979
XXYlFuWEuKI - Brazil - ,1652698
XXYlFuWEuKI - Great Britain - ,1446714
XXYlFuWEuKI - USA - ,1652684
XXYlFuWEuKI - canada - ,1593460
XXYlFuWEuKI - france - ,1446733
XXYlFuWEuKI - germany - ,1446725
XXYlFuWEuKI - india - ,1190412
XXYlFuWEuKI - mexico - ,1705758
X_oSVnK0tWU - india - ,1351188
XegHMc35Bo8 - USA - ,2967714
XegHMc35Bo8 - mexico - ,3012828
Xiifgxw-z54 - india - ,2602450
XseIJg8Vyj0 - USA - ,1081016
XseIJg8Vyj0 - canada - ,1002835
XseIJg8Vyj0 - mexico - ,1116128
YFhp587hcI0 - india - ,1649119
YIucrdfR6rI - germany - ,1174924
YIucrdfR6rI - india - ,1561291
YLXfyHsfFz0 - Brazil - ,5202807
YLXfyHsfFz0 - Great Britain - ,5075208
YLXfyHsfFz0 - USA - ,5110687
YLXfyHsfFz0 - canada - ,5047657
YLXfyHsfFz0 - france - ,5047657
YLXfyHsfFz0 - germany - ,4993738
YLXfyHsfFz0 - india - ,5075208
YLXfyHsfFz0 - japan - ,5238567
YLXfyHsfFz0 - korea - ,5259042
YLXfyHsfFz0 - mexico - ,5202807
YLXfyHsfFz0 - russia - ,4831147
YN0vl1pBAl4 - Brazil - ,1618120
YN0vl1pBAl4 - Great Britain - ,1607115
YN0vl1pBAl4 - USA - ,1607115
YN0vl1pBAl4 - canada - ,1607115
YN0vl1pBAl4 - france - ,1537888
YN0vl1pBAl4 - germany - ,1537886
YN0vl1pBAl4 - india - ,1470086
YN0vl1pBAl4 - korea - ,1614008
YN0vl1pBAl4 - mexico - ,1614008
YN0vl1pBAl4 - russia - ,1470093
YN1yJuVIVKE - canada - ,1022813
YTZ-GZPTND8 - Brazil - ,2390446
YTZ-GZPTND8 - Great Britain - ,2216291
YTZ-GZPTND8 - USA - ,2337792
YTZ-GZPTND8 - canada - ,2337801
YTZ-GZPTND8 - germany - ,2216297
YW7JVCiDgJk - japan - ,1620763
YW7JVCiDgJk - russia - ,1354927
YdQg_L4o57g - Brazil - ,1814920
YdQg_L4o57g - canada - ,1814881
YdQg_L4o57g - france - ,1814891
YdQg_L4o57g - germany - ,1814876
YdQg_L4o57g - india - ,2067207
YdQg_L4o57g - korea - ,2009822
YdQg_L4o57g - mexico - ,1814935
YdQg_L4o57g - russia - ,1814911
YrtMpe0WOpc - USA - ,1372136
YrtMpe0WOpc - canada - ,1281033
YrtMpe0WOpc - mexico - ,1522100
YxksUfnuEbI - Brazil - ,3129231
YxksUfnuEbI - USA - ,3010286
YxksUfnuEbI - canada - ,3010290
YxksUfnuEbI - france - ,2942758
YxksUfnuEbI - india - ,3010289
YxksUfnuEbI - mexico - ,3099078
YxksUfnuEbI - russia - ,2617994
Z37_jKEtRwY - Brazil - ,1065500
Z37_jKEtRwY - Great Britain - ,1018541
Z37_jKEtRwY - USA - ,1018541
Z37_jKEtRwY - canada - ,1018542
Z37_jKEtRwY - france - ,1052000
Z37_jKEtRwY - germany - ,1018542
Z37_jKEtRwY - japan - ,1056423
Z3kAZse4xgM - Brazil - ,1037629
Z3kAZse4xgM - USA - ,1026672
Z3kAZse4xgM - canada - ,1026672
Z3kAZse4xgM - mexico - ,1026675
Z7XiKx_rj2I - india - ,1390809
Z9Jj8QFbT3M - Great Britain - ,1648232
Z9Jj8QFbT3M - USA - ,1844821
Z9Jj8QFbT3M - india - ,1138476
ZAdOy2JagxM - canada - ,3082619
ZAdOy2JagxM - germany - ,2698288
ZAdOy2JagxM - india - ,2698288
ZM5xPieY7X8 - india - ,1643288
ZM5xPieY7X8 - russia - ,1331009
ZbU1rkjnAfg - germany - ,1425199
ZeerrnuLi5E - Brazil - ,1877318
ZeerrnuLi5E - Great Britain - ,1843287
ZeerrnuLi5E - USA - ,1877308
ZeerrnuLi5E - canada - ,1877314
ZeerrnuLi5E - france - ,1755354
ZeerrnuLi5E - germany - ,1755350
ZeerrnuLi5E - india - ,1755348
ZeerrnuLi5E - japan - ,1877316
ZeerrnuLi5E - korea - ,1978206
ZeerrnuLi5E - mexico - ,1877318
ZeerrnuLi5E - russia - ,1609098
ZmDBbnmKpqQ - Great Britain - ,2449941
ZmDBbnmKpqQ - USA - ,2828467
ZmDBbnmKpqQ - canada - ,2828494
ZmDBbnmKpqQ - france - ,2174874
ZmDBbnmKpqQ - germany - ,1847455
ZmDBbnmKpqQ - mexico - ,2828534
ZmxW5QD7cvM - japan - ,1432776
ZmxW5QD7cvM - russia - ,1216865
Zr3PukaVXFo - india - ,3122881
_9sAX5R0qB4 - india - ,1959792
_GyZB2o3l6c - Great Britain - ,1041872
_GyZB2o3l6c - USA - ,1041872
_GyZB2o3l6c - germany - ,1025541
_K2v-MmAj7E - Brazil - ,2513312
_K2v-MmAj7E - Great Britain - ,2332459
_K2v-MmAj7E - france - ,2395132
_K2v-MmAj7E - germany - ,2236085
_K2v-MmAj7E - india - ,2395130
_K2v-MmAj7E - korea - ,2495573
_K2v-MmAj7E - mexico - ,2495574
_K2v-MmAj7E - russia - ,2142136
_Q0XJU_eNZI - india - ,1021935
_W8y2A9sK6s - Brazil - ,1785568
_W8y2A9sK6s - Great Britain - ,1785565
_W8y2A9sK6s - USA - ,1785565
_W8y2A9sK6s - canada - ,1785567
_W8y2A9sK6s - france - ,1829630
_W8y2A9sK6s - germany - ,1785567
_W8y2A9sK6s - india - ,1829629
_W8y2A9sK6s - japan - ,1821428
_W8y2A9sK6s - korea - ,1759237
_W8y2A9sK6s - mexico - ,1785570
_W8y2A9sK6s - russia - ,1693746
_ZNF4NDCrTM - Brazil - ,1269679
_ZNF4NDCrTM - Great Britain - ,1082334
_ZNF4NDCrTM - USA - ,1198279
_ZNF4NDCrTM - canada - ,1146776
_ZNF4NDCrTM - mexico - ,1238242
_aDzxRz9VR8 - canada - ,3355815
_aDzxRz9VR8 - germany - ,2331874
_btxV8tJM7w - Brazil - ,1386236
_btxV8tJM7w - Great Britain - ,1294141
_btxV8tJM7w - USA - ,1294140
_btxV8tJM7w - canada - ,1249651
_btxV8tJM7w - france - ,1294142
_btxV8tJM7w - germany - ,1249649
_btxV8tJM7w - india - ,1194350
_btxV8tJM7w - korea - ,1416674
_btxV8tJM7w - mexico - ,1403173
_btxV8tJM7w - russia - ,1115776
_hFarg-Obuc - Brazil - ,1028478
_hFarg-Obuc - USA - ,1028469
_hFarg-Obuc - canada - ,1028473
_hFarg-Obuc - japan - ,1121649
_hFarg-Obuc - korea - ,1057693
_hFarg-Obuc - mexico - ,1028478
_nyAnZWsq_g - mexico - ,2005017
_sxUG8O6M2w - Great Britain - ,2647197
_sxUG8O6M2w - USA - ,2649431
_sxUG8O6M2w - canada - ,2648659
_sxUG8O6M2w - france - ,2647197
_sxUG8O6M2w - germany - ,2645033
_sxUG8O6M2w - india - ,2647197
_sxUG8O6M2w - korea - ,2649432
_sxUG8O6M2w - russia - ,2189840
_uwNDiU04zE - Great Britain - ,1820705
_uwNDiU04zE - USA - ,1860532
_uwNDiU04zE - canada - ,1860532
_uwNDiU04zE - germany - ,1762736
_wOKXC05jl4 - india - ,1343593
_wOKXC05jl4 - korea - ,1471558
_yXEnhyOTQo - Brazil - ,1381216
_yXEnhyOTQo - USA - ,1339836
_yXEnhyOTQo - canada - ,1308009
_yXEnhyOTQo - france - ,1274183
_yXEnhyOTQo - korea - ,1392937
_yXEnhyOTQo - mexico - ,1365454
_ysomCGaZLw - Brazil - ,2402497
_ysomCGaZLw - Great Britain - ,2250048
_ysomCGaZLw - USA - ,2293962
_ysomCGaZLw - canada - ,2250051
_ysomCGaZLw - france - ,2200195
_ysomCGaZLw - germany - ,2140268
_ysomCGaZLw - india - ,2067764
_ysomCGaZLw - japan - ,2332274
_ysomCGaZLw - korea - ,2402494
_ysomCGaZLw - mexico - ,2293970
_ysomCGaZLw - russia - ,1979759
a72cbSYOHaw - canada - ,1822868
a72cbSYOHaw - germany - ,1653723
a8ds6SnOGow - Great Britain - ,1898456
a8ds6SnOGow - USA - ,1898455
a8ds6SnOGow - canada - ,1925645
a8ds6SnOGow - germany - ,1832565
aG2hjBWMMX0 - india - ,2438919
aLX73wZG6Ew - india - ,1116990
aNesXheELPY - Great Britain - ,1435571
aNesXheELPY - USA - ,1416672
aNesXheELPY - canada - ,1394715
aNesXheELPY - germany - ,1416674
aNesXheELPY - india - ,1359510
aNesXheELPY - japan - ,1435575
aNesXheELPY - korea - ,1359510
aNesXheELPY - mexico - ,1459622
aNesXheELPY - russia - ,1273059
aQURlVPktvc - india - ,1381388
aXzVF3XeS8M - Brazil - ,1110022
aXzVF3XeS8M - Great Britain - ,1083000
aXzVF3XeS8M - USA - ,1110021
aXzVF3XeS8M - canada - ,1110021
aXzVF3XeS8M - france - ,1052926
aXzVF3XeS8M - germany - ,1069868
aXzVF3XeS8M - india - ,1052927
aXzVF3XeS8M - japan - ,1083002
aXzVF3XeS8M - mexico - ,1094287
adLGHcj_fmA - Brazil - ,1635002
adLGHcj_fmA - Great Britain - ,1431784
adLGHcj_fmA - USA - ,1502602
adLGHcj_fmA - canada - ,1502605
adLGHcj_fmA - france - ,1348796
adLGHcj_fmA - germany - ,1255290
adLGHcj_fmA - japan - ,1502614
adLGHcj_fmA - korea - ,1702616
adLGHcj_fmA - mexico - ,1502619
aiHxaLvfxCI - russia - ,1095315
amnspvOH-EE - Brazil - ,1313992
amnspvOH-EE - Great Britain - ,1226114
amnspvOH-EE - USA - ,1313984
amnspvOH-EE - canada - ,1292050
amnspvOH-EE - france - ,1226124
amnspvOH-EE - germany - ,1226116
amnspvOH-EE - japan - ,1313991
amnspvOH-EE - korea - ,1344210
amnspvOH-EE - mexico - ,1292055
aqtSOksH-NE - Brazil - ,2593084
aqtSOksH-NE - india - ,2505024
aqtSOksH-NE - mexico - ,2582107
aqtSOksH-NE - russia - ,2186952
ayXxwJJId_c - Great Britain - ,2035741
ayXxwJJId_c - USA - ,2048901
ayXxwJJId_c - canada - ,2035742
ayXxwJJId_c - germany - ,1969752
ayXxwJJId_c - india - ,1992837
ayd3yWr4tqU - Great Britain - ,1604629
ayd3yWr4tqU - USA - ,1711715
ayd3yWr4tqU - canada - ,1655744
ayd3yWr4tqU - france - ,1604629
ayd3yWr4tqU - germany - ,1604629
ayd3yWr4tqU - mexico - ,1785849
bEgW6oZetSY - russia - ,2141497
bHrHkugT8vM - india - ,1313547
bWcoApIKTzs - india - ,1272200
bY8bEaJp3x8 - india - ,1094857
bxd4M4UiUmE - USA - ,1251430
bxd4M4UiUmE - canada - ,1251433
bxd4M4UiUmE - korea - ,1251434
bxd4M4UiUmE - russia - ,1161758
c07FFDaY2Aw - canada - ,1156268
c7mWC6CN7kY - india - ,1226794
c9RzZpV460k - Brazil - ,2056112
c9RzZpV460k - Great Britain - ,2034129
c9RzZpV460k - USA - ,2008854
c9RzZpV460k - canada - ,2008854
c9RzZpV460k - france - ,2008854
c9RzZpV460k - germany - ,1978212
c9RzZpV460k - india - ,1933920
c9RzZpV460k - japan - ,2094366
c9RzZpV460k - korea - ,2143423
c9RzZpV460k - mexico - ,2056112
c9RzZpV460k - russia - ,1762607
cDTG6o1vC2I - Brazil - ,1175070
cDTG6o1vC2I - canada - ,1027842
cDTG6o1vC2I - france - ,1027843
cDTG6o1vC2I - germany - ,1027843
cDTG6o1vC2I - japan - ,1172142
cDTG6o1vC2I - mexico - ,1168990
cDTG6o1vC2I - russia - ,1027844
cNomzAh3-tY - japan - ,1065036
cNomzAh3-tY - korea - ,1076982
cT7wOSOZVoc - Great Britain - ,1447136
cT7wOSOZVoc - USA - ,1473944
cT7wOSOZVoc - canada - ,1461199
cT7wOSOZVoc - germany - ,1403846
cii6ruuycQA - Brazil - ,1252955
cii6ruuycQA - Great Britain - ,1188961
cii6ruuycQA - USA - ,1225500
cii6ruuycQA - canada - ,1225500
cii6ruuycQA - france - ,1151909
cii6ruuycQA - germany - ,1107175
cii6ruuycQA - mexico - ,1225505
d5bbqKYu51w - korea - ,2046027
d7sewLjzNs0 - india - ,3689891
dQlihE2-HLM - mexico - ,1146212
dTiO0tY1nsc - germany - ,1251955
dfl9KIX1WpU - Brazil - ,1437638
dfl9KIX1WpU - Great Britain - ,1410968
dfl9KIX1WpU - USA - ,1410965
dfl9KIX1WpU - canada - ,1437635
dfl9KIX1WpU - france - ,1378713
dfl9KIX1WpU - germany - ,1337181
dfl9KIX1WpU - india - ,1281047
dfl9KIX1WpU - japan - ,1437638
dfl9KIX1WpU - korea - ,1437638
dfl9KIX1WpU - mexico - ,1437639
dfl9KIX1WpU - russia - ,1205180
dg2Ag3e8W-Q - Great Britain - ,2056671
dg2Ag3e8W-Q - USA - ,2114647
dg2Ag3e8W-Q - canada - ,2087389
dg2Ag3e8W-Q - germany - ,1987161
dg2Ag3e8W-Q - india - ,1987161
djvKtc6VmNE - india - ,1203353
djvKtc6VmNE - russia - ,1025614
dnpC9YaosIY - Brazil - ,1325059
dnpC9YaosIY - USA - ,1310041
dnpC9YaosIY - canada - ,1291626
dnpC9YaosIY - france - ,1291629
dnpC9YaosIY - germany - ,1268566
dnpC9YaosIY - india - ,1241258
dnpC9YaosIY - japan - ,1366976
dnpC9YaosIY - korea - ,1403706
dnpC9YaosIY - mexico - ,1338935
dnpC9YaosIY - russia - ,1193901
doLMt10ytHY - Great Britain - ,2675461
doLMt10ytHY - USA - ,2840527
doLMt10ytHY - canada - ,2612664
doLMt10ytHY - germany - ,2397201
doLMt10ytHY - mexico - ,3037892
ds0fyCwym6o - Brazil - ,1527151
ds0fyCwym6o - USA - ,1478945
ds0fyCwym6o - canada - ,1419076
ds0fyCwym6o - france - ,1497775
ds0fyCwym6o - japan - ,1537171
ds0fyCwym6o - mexico - ,1537171
ds0fyCwym6o - russia - ,1419081
dvA6CwbNWig - india - ,3954531
dyRsYk0LyA8 - Brazil - ,9217901
dyRsYk0LyA8 - Great Britain - ,8956112
dyRsYk0LyA8 - USA - ,9217876
dyRsYk0LyA8 - canada - ,9217884
dyRsYk0LyA8 - france - ,9096715
dyRsYk0LyA8 - germany - ,8956123
dyRsYk0LyA8 - india - ,9217879
dyRsYk0LyA8 - japan - ,9407622
dyRsYk0LyA8 - korea - ,9537518
dyRsYk0LyA8 - mexico - ,9407634
dyRsYk0LyA8 - russia - ,8630312
eHmLgbTHEoY - canada - ,3273888
eULmdt9zc30 - Great Britain - ,1371873
eULmdt9zc30 - canada - ,2047075
eULmdt9zc30 - germany - ,1371886
eYq7WapuDLU - india - ,1231090
erYPvNbc_mc - USA - ,2748677
erYPvNbc_mc - canada - ,2748680
erYPvNbc_mc - germany - ,2572467
erYPvNbc_mc - korea - ,2795192
erYPvNbc_mc - russia - ,2034394
f0c7pSCoZqE - Great Britain - ,1608185
f0c7pSCoZqE - USA - ,1624357
f0c7pSCoZqE - canada - ,1608185
f0c7pSCoZqE - germany - ,1550971
f0c7pSCoZqE - india - ,1511045
f0c7pSCoZqE - russia - ,1226892
f1zTLuacFm4 - Great Britain - ,1006007
f1zTLuacFm4 - USA - ,1445894
f1zTLuacFm4 - canada - ,1445924
f1zTLuacFm4 - germany - ,1006039
f5omY8jVrSM - Brazil - ,1462815
f5omY8jVrSM - Great Britain - ,1267940
f5omY8jVrSM - USA - ,1462814
f5omY8jVrSM - canada - ,1322397
f5omY8jVrSM - france - ,1267947
f5omY8jVrSM - germany - ,1155869
f5omY8jVrSM - mexico - ,1381364
fHeQemJJQII - Brazil - ,1280514
fHeQemJJQII - Great Britain - ,1214831
fHeQemJJQII - USA - ,1327650
fHeQemJJQII - canada - ,1327663
fHeQemJJQII - france - ,1214846
fHeQemJJQII - germany - ,1214841
fHeQemJJQII - japan - ,1365717
fHeQemJJQII - mexico - ,1365724
fK62ZAELFmA - india - ,1097081
fMfipiV_17o - Great Britain - ,1377746
fMfipiV_17o - USA - ,1377745
fMfipiV_17o - canada - ,1377746
fMfipiV_17o - germany - ,1325186
fdC2G3ED9vA - canada - ,1321482
fjp4thii1WY - Great Britain - ,1275714
fjp4thii1WY - USA - ,1282718
fjp4thii1WY - canada - ,1282718
fjp4thii1WY - france - ,1245471
fjp4thii1WY - germany - ,1209783
fjp4thii1WY - japan - ,1287703
fjp4thii1WY - korea - ,1292514
fjp4thii1WY - russia - ,1146400
fmOEKOjyDxU - Brazil - ,1109916
fmOEKOjyDxU - Great Britain - ,1041441
fmOEKOjyDxU - USA - ,1041441
fmOEKOjyDxU - canada - ,1016403
fmOEKOjyDxU - france - ,1016403
fmOEKOjyDxU - japan - ,1109916
fmOEKOjyDxU - mexico - ,1095141
fzVrdhjxHjc - canada - ,2349022
fz_2QCDuUJw - Brazil - ,1693831
fz_2QCDuUJw - USA - ,1671175
fz_2QCDuUJw - canada - ,1653969
fz_2QCDuUJw - mexico - ,1702937
fz_2QCDuUJw - russia - ,1466572
fzeWc3zh01g - Brazil - ,3028908
fzeWc3zh01g - Great Britain - ,2963881
fzeWc3zh01g - USA - ,2963881
fzeWc3zh01g - canada - ,2920470
fzeWc3zh01g - france - ,2861552
fzeWc3zh01g - germany - ,2783931
fzeWc3zh01g - india - ,2675750
fzeWc3zh01g - japan - ,2963886
fzeWc3zh01g - mexico - ,2963891
fzeWc3zh01g - russia - ,2371530
g1-sFn-j5D0 - Brazil - ,1463798
g1-sFn-j5D0 - USA - ,1448307
g1-sFn-j5D0 - canada - ,1448312
g1-sFn-j5D0 - france - ,1302990
g1-sFn-j5D0 - japan - ,1393126
g1-sFn-j5D0 - mexico - ,1393136
g1-sFn-j5D0 - russia - ,1048666
g5idjxf4jHI - Brazil - ,1461206
g5idjxf4jHI - Great Britain - ,1426844
g5idjxf4jHI - USA - ,1461199
g5idjxf4jHI - canada - ,1461203
g5idjxf4jHI - france - ,1403554
g5idjxf4jHI - germany - ,1365366
g5idjxf4jHI - india - ,1365362
g5idjxf4jHI - korea - ,1426845
g5idjxf4jHI - mexico - ,1461212
g5idjxf4jHI - russia - ,1273345
g9K0GD4fHFI - india - ,1066123
g9K0GD4fHFI - japan - ,1140320
g9K0GD4fHFI - korea - ,1066124
g9_aYyEDMD0 - Great Britain - ,1341433
g9_aYyEDMD0 - USA - ,1341433
g9_aYyEDMD0 - canada - ,1341433
g9_aYyEDMD0 - germany - ,1306858
gCaYwPluIYA - russia - ,1051684
gCszAvYz1Go - Brazil - ,1975509
gCszAvYz1Go - Great Britain - ,1943043
gCszAvYz1Go - USA - ,1943043
gCszAvYz1Go - canada - ,1908140
gCszAvYz1Go - france - ,1908140
gCszAvYz1Go - germany - ,1872027
gCszAvYz1Go - india - ,1872027
gCszAvYz1Go - japan - ,1975509
gCszAvYz1Go - korea - ,1989396
gCszAvYz1Go - mexico - ,1975509
gCszAvYz1Go - russia - ,1731795
gFYAXsa7pe8 - Brazil - ,1832403
gFYAXsa7pe8 - Great Britain - ,1832399
gFYAXsa7pe8 - USA - ,1832399
gFYAXsa7pe8 - canada - ,1832402
gFYAXsa7pe8 - france - ,1789276
gFYAXsa7pe8 - germany - ,1725190
gFYAXsa7pe8 - japan - ,1932745
gFYAXsa7pe8 - korea - ,1962139
gFYAXsa7pe8 - mexico - ,1832403
gFYAXsa7pe8 - russia - ,1566069
gLTETT4gMOU - mexico - ,1321201
gNi_6U5Pm_o - Brazil - ,2130022
gNi_6U5Pm_o - Great Britain - ,2049395
gNi_6U5Pm_o - USA - ,1962285
gNi_6U5Pm_o - canada - ,1875562
gNi_6U5Pm_o - france - ,1792256
gNi_6U5Pm_o - germany - ,1875560
gNi_6U5Pm_o - mexico - ,2049416
gNi_6U5Pm_o - russia - ,1458159
gU2HqP4NxUs - Great Britain - ,1555525
gU2HqP4NxUs - japan - ,1644868
gU2HqP4NxUs - korea - ,1499452
gU2HqP4NxUs - russia - ,1160653
ggJoXFNkRUw - Great Britain - ,2841950
ggJoXFNkRUw - USA - ,2841950
ggJoXFNkRUw - canada - ,2841953
ggJoXFNkRUw - germany - ,2644530
ggJoXFNkRUw - india - ,2917608
gjOLk0L830c - germany - ,1143762
gjOLk0L830c - india - ,1208708
gyqx8i40dkU - korea - ,1225915
h4NJCc4AQxw - mexico - ,4707431
h4T_LlK1VE4 - Great Britain - ,1288355
h4T_LlK1VE4 - USA - ,1309850
h4T_LlK1VE4 - canada - ,1301634
h4T_LlK1VE4 - germany - ,1228086
h4T_LlK1VE4 - india - ,1149246
h5WN3pkxPF0 - Brazil - ,1489600
h5WN3pkxPF0 - Great Britain - ,1364497
h5WN3pkxPF0 - USA - ,1449697
h5WN3pkxPF0 - canada - ,1396870
h5WN3pkxPF0 - france - ,1364500
h5WN3pkxPF0 - germany - ,1364500
h5WN3pkxPF0 - india - ,1323153
h5WN3pkxPF0 - mexico - ,1470731
h5WN3pkxPF0 - russia - ,1193081
hDkuUZ3F1GU - Great Britain - ,1603023
hDkuUZ3F1GU - USA - ,1619416
hDkuUZ3F1GU - canada - ,1585572
hDkuUZ3F1GU - germany - ,1559477
hGf8rOwFzvo - germany - ,1669847
hGf8rOwFzvo - india - ,1930051
hS2x1zl4rn0 - Great Britain - ,1548007
hS2x1zl4rn0 - USA - ,1565490
hS2x1zl4rn0 - canada - ,1565491
hS2x1zl4rn0 - germany - ,1486730
hS2x1zl4rn0 - russia - ,1217253
hSTLbtvtUvk - mexico - ,1705059
hWPopqZJJww - india - ,2956877
hX84fNEiqDc - germany - ,1691855
hbyywJxm20w - india - ,1313501
hdmx71UjBXs - Brazil - ,5914766
hdmx71UjBXs - Great Britain - ,4197434
hdmx71UjBXs - USA - ,6840430
hdmx71UjBXs - germany - ,3252595
hdmx71UjBXs - india - ,4947930
hgF1HI_kW6s - Brazil - ,1917423
hgF1HI_kW6s - Great Britain - ,1814857
hgF1HI_kW6s - USA - ,1871101
hgF1HI_kW6s - canada - ,1814860
hgF1HI_kW6s - france - ,1750042
hgF1HI_kW6s - germany - ,1750036
hgF1HI_kW6s - india - ,1570049
hgF1HI_kW6s - mexico - ,1917423
hgF1HI_kW6s - russia - ,1297104
ho3VEYwvq3s - canada - ,2647090
ho3VEYwvq3s - germany - ,2474988
hxwpkM5w3Cc - Great Britain - ,1779658
hxwpkM5w3Cc - USA - ,1806680
hxwpkM5w3Cc - canada - ,1806681
hxwpkM5w3Cc - germany - ,1747208
hxwpkM5w3Cc - india - ,1747208
i0Ye1lBEgnM - Great Britain - ,2549623
i0Ye1lBEgnM - USA - ,2549623
i0Ye1lBEgnM - canada - ,2549145
i0Ye1lBEgnM - germany - ,2548457
i0Ye1lBEgnM - india - ,2549623
iK86ae14jV4 - japan - ,1316004
iK86ae14jV4 - korea - ,1316004
iLycuRm1V0Q - Brazil - ,4518335
iLycuRm1V0Q - Great Britain - ,4509591
iLycuRm1V0Q - USA - ,4509591
iLycuRm1V0Q - canada - ,4509591
iLycuRm1V0Q - france - ,4509591
iLycuRm1V0Q - germany - ,4503180
iLycuRm1V0Q - india - ,4503180
iLycuRm1V0Q - japan - ,4518335
iLycuRm1V0Q - korea - ,4518335
iLycuRm1V0Q - mexico - ,4516739
iLycuRm1V0Q - russia - ,4455255
iP62Tg04vww - Brazil - ,1289155
iP62Tg04vww - Great Britain - ,1197619
iP62Tg04vww - france - ,1197621
iP62Tg04vww - germany - ,1197619
iP62Tg04vww - india - ,1197619
iP62Tg04vww - korea - ,1313555
iP62Tg04vww - mexico - ,1275214
iP62Tg04vww - russia - ,1153213
iU4YSe4OP58 - canada - ,1462263
iXQpStWQVTI - russia - ,1117560
iYSyRL8J8OA - russia - ,1559844
ibqiet6Bg38 - russia - ,1806059
ikgefER2O08 - Brazil - ,2149374
ikgefER2O08 - india - ,2040768
ikgefER2O08 - korea - ,2169907
ikgefER2O08 - mexico - ,2133014
ikgefER2O08 - russia - ,1724605
ilqQJrbXghQ - india - ,2709453
ilqQJrbXghQ - japan - ,2960767
ilqQJrbXghQ - korea - ,2942822
ilqQJrbXghQ - mexico - ,2960767
ilqQJrbXghQ - russia - ,2390633
ipAnwilMncI - russia - ,3926283
j2_-10R68rQ - india - ,1283701
j4-bL6MYQY8 - canada - ,3025040
j4-bL6MYQY8 - russia - ,1288463
j42VFHeptl8 - Great Britain - ,1345167
j42VFHeptl8 - USA - ,1356605
j42VFHeptl8 - canada - ,1345167
j42VFHeptl8 - germany - ,1308239
jAd9kZDpQoc - mexico - ,1051204
jEJI6Nf1aWU - india - ,1941252
jF1FYE-GFoY - korea - ,1117631
jFd1hhqX-0U - Brazil - ,1060212
jFd1hhqX-0U - japan - ,1071930
jFd1hhqX-0U - korea - ,1089517
jFd1hhqX-0U - mexico - ,1043541
jJdlgKzVsnI - Brazil - ,1626897
jJdlgKzVsnI - Great Britain - ,1522787
jJdlgKzVsnI - USA - ,1599407
jJdlgKzVsnI - canada - ,1565914
jJdlgKzVsnI - france - ,1522790
jJdlgKzVsnI - germany - ,1463116
jJdlgKzVsnI - india - ,1133816
jJdlgKzVsnI - mexico - ,1522793
jJdlgKzVsnI - russia - ,1133828
jN1M2PweJ5U - Great Britain - ,1241433
jN1M2PweJ5U - canada - ,1241433
jN1M2PweJ5U - germany - ,1241433
jUsUzbmSLow - Brazil - ,1512823
jUsUzbmSLow - Great Britain - ,1538846
jUsUzbmSLow - USA - ,1559194
jUsUzbmSLow - canada - ,1538852
jUsUzbmSLow - france - ,1512818
jUsUzbmSLow - germany - ,1481444
jUsUzbmSLow - india - ,1439197
jUsUzbmSLow - japan - ,1575071
jUsUzbmSLow - korea - ,1538852
jUsUzbmSLow - mexico - ,1538856
jUsUzbmSLow - russia - ,1376569
jV1v2Cy1w30 - russia - ,1503530
jWRMXiHhDjc - Great Britain - ,2309031
jWRMXiHhDjc - USA - ,2345038
jWRMXiHhDjc - canada - ,2309035
jWRMXiHhDjc - france - ,2264294
jWRMXiHhDjc - germany - ,2209193
jWRMXiHhDjc - india - ,2209193
jWRMXiHhDjc - japan - ,2450433
jWRMXiHhDjc - korea - ,2430265
jWRMXiHhDjc - mexico - ,2345039
jWRMXiHhDjc - russia - ,1911717
j_azcqt-tuM - Brazil - ,1522195
j_azcqt-tuM - Great Britain - ,1499349
j_azcqt-tuM - USA - ,1499349
j_azcqt-tuM - canada - ,1483041
j_azcqt-tuM - france - ,1499353
j_azcqt-tuM - germany - ,1483041
j_azcqt-tuM - india - ,1464633
j_azcqt-tuM - japan - ,1549236
j_azcqt-tuM - korea - ,1567959
j_azcqt-tuM - mexico - ,1522195
j_azcqt-tuM - russia - ,1370123
jeI992mvlEY - korea - ,1085994
joXFFy4gsH0 - russia - ,1035800
k0HRfU73nB4 - Great Britain - ,1333861
k0HRfU73nB4 - canada - ,1333897
k0HRfU73nB4 - germany - ,1333891
k4v6slOxxXs - USA - ,1355567
k4v6slOxxXs - canada - ,1326017
k4v6slOxxXs - germany - ,1290960
k5Yk5TVhDvQ - india - ,2667496
k7QniTYNsmQ - germany - ,3823146
k7QniTYNsmQ - india - ,4617984
k9n0mqKfrUg - Great Britain - ,1183431
k9n0mqKfrUg - USA - ,1191834
k9n0mqKfrUg - canada - ,1175177
k9n0mqKfrUg - germany - ,1175177
k9n0mqKfrUg - india - ,1204435
kBUSELHHKNo - Brazil - ,1082930
kBUSELHHKNo - Great Britain - ,1031126
kBUSELHHKNo - USA - ,1031126
kBUSELHHKNo - canada - ,1031126
kBUSELHHKNo - france - ,1031127
kBUSELHHKNo - germany - ,1011814
kBUSELHHKNo - japan - ,1031127
kBUSELHHKNo - korea - ,1087427
kBUSELHHKNo - mexico - ,1031127
kIbjHtE4fd8 - Brazil - ,1257868
kIbjHtE4fd8 - Great Britain - ,1136561
kIbjHtE4fd8 - USA - ,1180624
kIbjHtE4fd8 - canada - ,1180632
kIbjHtE4fd8 - france - ,1136571
kIbjHtE4fd8 - germany - ,1136568
kIbjHtE4fd8 - mexico - ,1180645
kisKStB4oiU - Great Britain - ,1468791
kisKStB4oiU - canada - ,1464940
kisKStB4oiU - germany - ,1463020
koMafhX61tU - russia - ,1092076
ktyJIj6i4Qw - Great Britain - ,1299755
ktyJIj6i4Qw - USA - ,1316632
ktyJIj6i4Qw - canada - ,1299755
ktyJIj6i4Qw - germany - ,1277303
ktyJIj6i4Qw - india - ,1277301
ktyJIj6i4Qw - russia - ,1035115
kuNP3Z1f07A - russia - ,1221421
kwy0nR1_SBQ - Brazil - ,1121299
kwy0nR1_SBQ - mexico - ,1121301
l6yzZdHruUI - Brazil - ,1354087
l6yzZdHruUI - Great Britain - ,1354078
l6yzZdHruUI - USA - ,1368171
l6yzZdHruUI - canada - ,1354080
l6yzZdHruUI - france - ,1322998
l6yzZdHruUI - germany - ,1322997
l6yzZdHruUI - japan - ,1390901
l6yzZdHruUI - mexico - ,1368178
lCcZPmMyIJg - india - ,2345016
lNvBbh5jDcA - korea - ,1002191
lPi7cQGNqcM - Brazil - ,1554830
lPi7cQGNqcM - Great Britain - ,1528400
lPi7cQGNqcM - USA - ,1554822
lPi7cQGNqcM - canada - ,1554827
lPi7cQGNqcM - france - ,1528407
lPi7cQGNqcM - germany - ,1493466
lPi7cQGNqcM - india - ,1493461
lPi7cQGNqcM - japan - ,1604962
lPi7cQGNqcM - korea - ,1585929
lPi7cQGNqcM - mexico - ,1571792
lPi7cQGNqcM - russia - ,1148138
lYvtA3pJHzk - mexico - ,1359607
lnq0ExzP49Q - korea - ,1198256
lvbCMw4fZPs - Brazil - ,2006074
mCjo-4B2Nuo - mexico - ,1069887
mClF6mJV5xM - india - ,1100775
mHJ4qZIUUFk - india - ,1429250
mHJ4qZIUUFk - russia - ,1098513
mIhIjeq3SZQ - india - ,1332880
mQEGPegvnuM - japan - ,2031101
mQEGPegvnuM - korea - ,2026145
mep818UaYz0 - russia - ,1896888
mp83Hr6KaOA - india - ,1675548
ms-CSOCOjCA - Brazil - ,1340820
mwUjoNyKzIM - germany - ,1199725
n36IqbvZ8ZA - Great Britain - ,2006387
n36IqbvZ8ZA - canada - ,1839438
n36IqbvZ8ZA - france - ,2206348
n36IqbvZ8ZA - germany - ,1839434
n5ccGu0C6Xc - russia - ,1158303
nFjVlf2r9_Q - india - ,1417028
nGoCl0cBWU8 - russia - ,1825907
nJNooQDc0Bs - india - ,1124302
nM89Wl03Q4g - Great Britain - ,1528396
nM89Wl03Q4g - USA - ,1541433
nM89Wl03Q4g - canada - ,1528396
nM89Wl03Q4g - germany - ,1466541
nM89Wl03Q4g - india - ,1492477
nOcP2celm0E - russia - ,1753279
nQ6wLuYvGd4 - Brazil - ,2147687
nQ6wLuYvGd4 - russia - ,1863035
nUEP1WzLmrw - russia - ,1531680
nY5yTxObpCs - mexico - ,1092185
naY5KFTG_8c - russia - ,1122518
neqCdyadqFA - canada - ,1297936
neqCdyadqFA - france - ,1313319
no37D2RJ-Rc - Great Britain - ,1713232
no37D2RJ-Rc - canada - ,1813870
no37D2RJ-Rc - germany - ,1475510
nu2MOmczxwQ - india - ,1002458
o3DAiRuFhXQ - russia - ,1134429
o3Zv_Hp3xVI - russia - ,1350358
oD155zWANQg - Great Britain - ,1158710
oD155zWANQg - USA - ,1190988
oD155zWANQg - canada - ,1166935
oD155zWANQg - germany - ,1158710
oN8JeU3G4fM - Brazil - ,1596352
oN8JeU3G4fM - mexico - ,1534248
oN8JeU3G4fM - russia - ,1372296
oVPYa7QCmRg - Brazil - ,1359795
oVPYa7QCmRg - Great Britain - ,1336044
oVPYa7QCmRg - USA - ,1344363
oVPYa7QCmRg - canada - ,1324793
oVPYa7QCmRg - france - ,1324794
oVPYa7QCmRg - germany - ,1310129
oVPYa7QCmRg - mexico - ,1355402
oVi3cPVYErc - russia - ,1374745
oX97Zdx9KQw - india - ,1260895
oYpUZjxJOVg - Brazil - ,1241174
oYpUZjxJOVg - USA - ,1241165
oYpUZjxJOVg - canada - ,1241168
oYpUZjxJOVg - korea - ,1260398
oYpUZjxJOVg - mexico - ,1252547
ocG7fyfCCZs - canada - ,4750384
ocG7fyfCCZs - germany - ,4434817
odM92ap8_c0 - Great Britain - ,1524221
odM92ap8_c0 - USA - ,1584710
odM92ap8_c0 - canada - ,1556357
odM92ap8_c0 - india - ,1556354
odM92ap8_c0 - korea - ,1277279
orJSJGHjBLI - Brazil - ,1275494
orJSJGHjBLI - Great Britain - ,1135931
orJSJGHjBLI - USA - ,1069720
orJSJGHjBLI - canada - ,1069722
orJSJGHjBLI - france - ,1069722
orJSJGHjBLI - germany - ,1001569
orJSJGHjBLI - india - ,1001569
orJSJGHjBLI - japan - ,1191748
orJSJGHjBLI - korea - ,1238012
orJSJGHjBLI - mexico - ,1275494
p6OoY6xneI0 - Brazil - ,1269731
p6OoY6xneI0 - Great Britain - ,1167936
p6OoY6xneI0 - USA - ,1230303
p6OoY6xneI0 - canada - ,1230303
p6OoY6xneI0 - france - ,1167941
p6OoY6xneI0 - germany - ,1130507
p6OoY6xneI0 - india - ,1096788
p6OoY6xneI0 - japan - ,1269730
p6OoY6xneI0 - korea - ,1329526
p6OoY6xneI0 - mexico - ,1250602
p9LLoijPQfg - mexico - ,1003807
pEO2a7QzXqQ - USA - ,2057224
pEO2a7QzXqQ - canada - ,2036349
pEO2a7QzXqQ - germany - ,1904857
pEO2a7QzXqQ - india - ,2036348
pFtsvQuefXQ - Great Britain - ,2189449
pFtsvQuefXQ - canada - ,2189449
pFtsvQuefXQ - germany - ,1965157
pLhNdJNwGC8 - india - ,1437186
pN53t_F5ZiA - Great Britain - ,1649496
pN53t_F5ZiA - germany - ,1565409
pRK1whvWcLA - mexico - ,1143749
paIhSg1sTYI - russia - ,1050641
pnMk7ZCDr0Y - india - ,1901761
psZ1g9fMfeo - russia - ,1379748
pvPsJFRGleA - Brazil - ,2229898
pvPsJFRGleA - Great Britain - ,2229876
pvPsJFRGleA - USA - ,2731390
pvPsJFRGleA - canada - ,2077548
pvPsJFRGleA - france - ,2152913
pvPsJFRGleA - germany - ,2152906
pvPsJFRGleA - india - ,2229877
pvPsJFRGleA - japan - ,2364429
pvPsJFRGleA - korea - ,2152917
pvPsJFRGleA - mexico - ,2229905
pvPsJFRGleA - russia - ,1851091
q01z2vrQTrE - USA - ,1488092
q01z2vrQTrE - canada - ,1439797
q01z2vrQTrE - germany - ,1277185
q01z2vrQTrE - mexico - ,1488104
q1C_-zAzO4w - germany - ,1107904
qF0N19MgI3Q - Great Britain - ,4935519
qF0N19MgI3Q - canada - ,4935525
qF0N19MgI3Q - germany - ,4571088
qF0N19MgI3Q - russia - ,3753091
qHbKQqJOcrU - india - ,1034648
qJf8Ef4pqQk - Brazil - ,1157567
qJf8Ef4pqQk - Great Britain - ,1157558
qJf8Ef4pqQk - USA - ,1157557
qJf8Ef4pqQk - france - ,1138047
qJf8Ef4pqQk - germany - ,1103056
qJf8Ef4pqQk - india - ,1103056
qJf8Ef4pqQk - mexico - ,1185123
qJf8Ef4pqQk - russia - ,1021059
qKp1f7Vn9dM - USA - ,1238253
qKp1f7Vn9dM - canada - ,1159565
qKp1f7Vn9dM - mexico - ,1308893
qaA28VO9yH4 - india - ,3489930
qhd0OIqpG4w - germany - ,1297190
qkxuFKqJXWY - india - ,1330608
qpw5i2j6cHc - Great Britain - ,1941012
qpw5i2j6cHc - USA - ,1941012
qpw5i2j6cHc - canada - ,1941012
qpw5i2j6cHc - germany - ,1941012
qpw5i2j6cHc - india - ,1941012
qqN4UWnfcQA - korea - ,1132666
qqOxkuO3ip0 - Great Britain - ,2195909
qqOxkuO3ip0 - USA - ,2195906
qqOxkuO3ip0 - canada - ,2150730
qqOxkuO3ip0 - germany - ,2150730
qvu4nPMyl3U - Brazil - ,4381795
qvu4nPMyl3U - Great Britain - ,4230784
qvu4nPMyl3U - USA - ,4381781
qvu4nPMyl3U - canada - ,4312045
qvu4nPMyl3U - france - ,4230805
qvu4nPMyl3U - germany - ,4230793
qvu4nPMyl3U - india - ,4312034
qvu4nPMyl3U - korea - ,4547580
qvu4nPMyl3U - mexico - ,4503147
qvu4nPMyl3U - russia - ,3825965
rCiBgLOcuKU - Brazil - ,1502990
rCiBgLOcuKU - Great Britain - ,1266623
rCiBgLOcuKU - USA - ,1429187
rCiBgLOcuKU - canada - ,1429189
rCiBgLOcuKU - france - ,1328178
rCiBgLOcuKU - germany - ,1266625
rCiBgLOcuKU - mexico - ,1382224
rCiBgLOcuKU - russia - ,1047943
rN3OX3BVYmE - russia - ,1840227
rOaPIhiVYQo - mexico - ,1426594
rt-2cxAiPJk - Great Britain - ,2612846
rt-2cxAiPJk - USA - ,2751593
rt-2cxAiPJk - canada - ,2612849
rt-2cxAiPJk - france - ,1704593
rt-2cxAiPJk - germany - ,2545127
rzDrGSWteZg - mexico - ,1124734
s0EnICBKm_o - germany - ,1182011
s3cJxUop66E - russia - ,1028498
s5cYXknsDbY - USA - ,1247566
s5cYXknsDbY - mexico - ,1318973
sCbbMZ-q4-I - india - ,2055569
sXkhYC8Z9lw - Brazil - ,1456400
sXkhYC8Z9lw - Great Britain - ,1456388
sXkhYC8Z9lw - USA - ,1456386
sXkhYC8Z9lw - canada - ,1456388
sXkhYC8Z9lw - france - ,1456391
sXkhYC8Z9lw - germany - ,1456388
sXkhYC8Z9lw - india - ,1456388
sXkhYC8Z9lw - japan - ,1505460
sXkhYC8Z9lw - korea - ,1404203
sXkhYC8Z9lw - mexico - ,1456401
sXkhYC8Z9lw - russia - ,1404206
sgFY0He6LNw - canada - ,3367894
sk-qyR224fU - Brazil - ,1053615
sk-qyR224fU - Great Britain - ,1033748
sk-qyR224fU - USA - ,1033745
sk-qyR224fU - canada - ,1033752
sk-qyR224fU - france - ,1033755
sk-qyR224fU - germany - ,1001414
sk-qyR224fU - japan - ,1077059
sk-qyR224fU - korea - ,1053614
sk-qyR224fU - mexico - ,1067563
smhi6jts97I - russia - ,1351222
ss-JeDZY_oE - Great Britain - ,1285227
ss-JeDZY_oE - USA - ,1298856
ss-JeDZY_oE - canada - ,1298857
ss-JeDZY_oE - germany - ,1268791
ss0Un7fa-Mw - Great Britain - ,1023896
ss0Un7fa-Mw - USA - ,1063095
ss0Un7fa-Mw - canada - ,1023896
ss0Un7fa-Mw - france - ,1023896
ss0Un7fa-Mw - mexico - ,1088369
ssq6X6alZ3w - Brazil - ,1662331
ssq6X6alZ3w - Great Britain - ,1538766
ssq6X6alZ3w - USA - ,1588384
ssq6X6alZ3w - canada - ,1662331
ssq6X6alZ3w - france - ,1538772
ssq6X6alZ3w - germany - ,1499727
ssq6X6alZ3w - india - ,1472568
ssq6X6alZ3w - japan - ,1538773
ssq6X6alZ3w - korea - ,1662331
ssq6X6alZ3w - mexico - ,1630920
ssq6X6alZ3w - russia - ,1378527
syj56FV9hwk - korea - ,1732038
t3KZnCgiMW0 - Brazil - ,3206968
t3KZnCgiMW0 - Great Britain - ,3206966
t3KZnCgiMW0 - USA - ,3189048
t3KZnCgiMW0 - canada - ,3189048
t3KZnCgiMW0 - france - ,3206965
t3KZnCgiMW0 - germany - ,3206966
t3KZnCgiMW0 - india - ,3206966
t3KZnCgiMW0 - japan - ,3196149
t3KZnCgiMW0 - korea - ,3193231
t3KZnCgiMW0 - mexico - ,3152259
t3KZnCgiMW0 - russia - ,3152251
t490zXLrQDE - USA - ,1868220
t490zXLrQDE - mexico - ,1950648
t4h8j9xLyxQ - france - ,1412670
tAe0yUEzAaI - Brazil - ,1277213
tAe0yUEzAaI - Great Britain - ,1175758
tAe0yUEzAaI - USA - ,1277211
tAe0yUEzAaI - canada - ,1277212
tAe0yUEzAaI - france - ,1233854
tAe0yUEzAaI - germany - ,1175763
tAe0yUEzAaI - mexico - ,1277213
tAe0yUEzAaI - russia - ,1076888
tGufp0K5oEQ - mexico - ,1328844
tQ0yjYUFKAE - Brazil - ,1832678
tQ0yjYUFKAE - Great Britain - ,1715573
tQ0yjYUFKAE - USA - ,1772808
tQ0yjYUFKAE - canada - ,1772807
tQ0yjYUFKAE - france - ,1585415
tQ0yjYUFKAE - germany - ,1510084
tQ0yjYUFKAE - india - ,1510085
tQ0yjYUFKAE - japan - ,1832678
tQ0yjYUFKAE - mexico - ,1772813
tcYodQoapMg - Brazil - ,3140682
tcYodQoapMg - Great Britain - ,2954444
tcYodQoapMg - USA - ,3140640
tcYodQoapMg - canada - ,3140655
tcYodQoapMg - france - ,3140661
tcYodQoapMg - germany - ,2954455
tcYodQoapMg - india - ,2954450
tcYodQoapMg - japan - ,3289762
tcYodQoapMg - korea - ,3140668
tcYodQoapMg - mexico - ,3140686
tcYodQoapMg - russia - ,2684436
tg2uF3R_Ozo - Brazil - ,1471260
tg2uF3R_Ozo - Great Britain - ,1328830
tg2uF3R_Ozo - USA - ,1377276
tg2uF3R_Ozo - canada - ,1328832
tg2uF3R_Ozo - france - ,1328832
tg2uF3R_Ozo - germany - ,1285708
tg2uF3R_Ozo - japan - ,1505237
tg2uF3R_Ozo - korea - ,1471260
tg2uF3R_Ozo - mexico - ,1471265
tiGVCnddGis - germany - ,1161892
tiGVCnddGis - india - ,1340308
tqB9k3py_sU - korea - ,1216408
tqB9k3py_sU - russia - ,1121801
tyrVtwE8Gv0 - Brazil - ,1954426
tyrVtwE8Gv0 - Great Britain - ,1901196
tyrVtwE8Gv0 - USA - ,1901194
tyrVtwE8Gv0 - canada - ,1901200
tyrVtwE8Gv0 - france - ,1846118
tyrVtwE8Gv0 - germany - ,1846109
tyrVtwE8Gv0 - india - ,1768746
tyrVtwE8Gv0 - japan - ,1999136
tyrVtwE8Gv0 - korea - ,2063409
tyrVtwE8Gv0 - mexico - ,1954427
tyrVtwE8Gv0 - russia - ,1550873
u4HYTp4sqH8 - USA - ,2525244
u4HYTp4sqH8 - canada - ,2906321
u4HYTp4sqH8 - germany - ,1292274
u4HYTp4sqH8 - india - ,2184124
u5jOd1YCuiQ - mexico - ,1771789
uCB_9S60c9M - Great Britain - ,1995935
uJ6WU-u4i3w - india - ,1601862
uJSbt6cPbmA - canada - ,1386421
uKHlnmepnNA - india - ,1109070
uRoqEPQ2L0k - russia - ,1194003
uTQnMukAhsg - canada - ,3945907
uTQnMukAhsg - germany - ,3519235
uTQnMukAhsg - india - ,3945907
uY5jQJOTV_0 - mexico - ,1476989
ujf3iJoWgrM - Brazil - ,3525986
ujf3iJoWgrM - Great Britain - ,3503716
ujf3iJoWgrM - USA - ,3503716
ujf3iJoWgrM - canada - ,3483063
ujf3iJoWgrM - france - ,3494594
ujf3iJoWgrM - germany - ,3468240
ujf3iJoWgrM - india - ,3451920
ujf3iJoWgrM - japan - ,3549138
ujf3iJoWgrM - korea - ,3559278
ujf3iJoWgrM - mexico - ,3518026
unZpEayPXio - Brazil - ,1158182
unZpEayPXio - Great Britain - ,1133209
unZpEayPXio - USA - ,1059293
unZpEayPXio - canada - ,1099823
unZpEayPXio - france - ,1099824
unZpEayPXio - germany - ,1099822
unZpEayPXio - india - ,1059299
unZpEayPXio - mexico - ,1158183
urtFrxDUV6c - Great Britain - ,1459663
urtFrxDUV6c - USA - ,1459663
urtFrxDUV6c - canada - ,1444050
urtFrxDUV6c - germany - ,1444050
urtFrxDUV6c - india - ,1422837
urtFrxDUV6c - russia - ,1177068
us6q-8Q4zng - Great Britain - ,1046006
us6q-8Q4zng - USA - ,1068955
us6q-8Q4zng - canada - ,1068957
us6q-8Q4zng - germany - ,1028703
v4YjoKim3HA - Great Britain - ,1812880
v4YjoKim3HA - canada - ,1740550
v4YjoKim3HA - germany - ,1615045
v7bnOxV4jAc - Brazil - ,1144863
v7bnOxV4jAc - Great Britain - ,1081682
v7bnOxV4jAc - USA - ,1081681
v7bnOxV4jAc - canada - ,1102891
v7bnOxV4jAc - france - ,1052691
v7bnOxV4jAc - germany - ,1017052
v7bnOxV4jAc - japan - ,1119889
v7bnOxV4jAc - korea - ,1167452
v7bnOxV4jAc - mexico - ,1102893
v8A8qmsas08 - india - ,1192964
v9Zd5R62kCg - Brazil - ,1323418
v9Zd5R62kCg - Great Britain - ,1289794
v9Zd5R62kCg - france - ,1308384
v9Zd5R62kCg - germany - ,1308384
v9Zd5R62kCg - india - ,1308384
v9Zd5R62kCg - korea - ,1323418
v9Zd5R62kCg - mexico - ,1323418
v9Zd5R62kCg - russia - ,1241671
vA_HYeuBLO0 - russia - ,1316279
vFWv44Z4Jhk - Brazil - ,1126895
vFWv44Z4Jhk - Great Britain - ,1087518
vFWv44Z4Jhk - USA - ,1108316
vFWv44Z4Jhk - canada - ,1108318
vFWv44Z4Jhk - france - ,1064274
vFWv44Z4Jhk - germany - ,1030232
vFWv44Z4Jhk - japan - ,1108321
vFWv44Z4Jhk - korea - ,1126893
vFWv44Z4Jhk - mexico - ,1108322
vH3EhJFY3us - korea - ,1720656
vH3EhJFY3us - russia - ,1395088
vJH28ICkCdU - Great Britain - ,1713926
vJH28ICkCdU - USA - ,1736910
vJH28ICkCdU - canada - ,1713926
vJH28ICkCdU - germany - ,1630749
vKLN5UKo87c - Brazil - ,1208621
vKLN5UKo87c - USA - ,1266776
vKLN5UKo87c - canada - ,1266782
vKLN5UKo87c - india - ,1208585
vKLN5UKo87c - korea - ,1208602
vKLN5UKo87c - mexico - ,1208626
vMLk_T0PPbk - Brazil - ,1549969
vMLk_T0PPbk - Great Britain - ,1150917
vMLk_T0PPbk - USA - ,1470209
vMLk_T0PPbk - canada - ,1470235
vMLk_T0PPbk - france - ,1264508
vMLk_T0PPbk - germany - ,1150925
vMLk_T0PPbk - mexico - ,1549978
vN0MP5BuXno - USA - ,1074405
vN0MP5BuXno - mexico - ,1074420
vUKB3eGSt5Q - mexico - ,1270382
vanOneiQXhI - india - ,4018572
veeKFzHswKQ - india - ,1132902
vn-MQfj2eVA - mexico - ,1770481
vp5sSqyZ5Go - Great Britain - ,1391538
vp5sSqyZ5Go - USA - ,1407047
vp5sSqyZ5Go - canada - ,1391539
vp5sSqyZ5Go - germany - ,1349627
vtRJZEHdu8M - Brazil - ,2542458
vtRJZEHdu8M - Great Britain - ,2388151
vtRJZEHdu8M - USA - ,2514021
vtRJZEHdu8M - canada - ,2514022
vtRJZEHdu8M - france - ,2388155
vtRJZEHdu8M - germany - ,2388154
vtRJZEHdu8M - india - ,2388154
vtRJZEHdu8M - korea - ,2566943
vtRJZEHdu8M - mexico - ,2478613
vtRJZEHdu8M - russia - ,2144857
wA-Zf5B-hTY - russia - ,1002051
wDsU4H2w48k - germany - ,1071598
wRWMeT6ykFU - india - ,1624924
wULFxEY5ZUo - mexico - ,1083119
wXp2kdVNJJY - india - ,1563491
wog1R1d4zls - Brazil - ,1020353
wog1R1d4zls - korea - ,1033226
wyq-qV_BxRI - india - ,1350016
x1E_uYneqhc - russia - ,1027324
xAaNbu-1k4o - india - ,2922698
xBlNwc3_kG0 - japan - ,1242990
xBlNwc3_kG0 - korea - ,1200944
xIzBCXEdmEo - USA - ,1412599
xIzBCXEdmEo - korea - ,1412602
xIzBCXEdmEo - russia - ,1368731
xMKzdQrC5TI - india - ,1565635
xQOO2xGQ1Pc - Brazil - ,1682108
xQOO2xGQ1Pc - Great Britain - ,1621102
xQOO2xGQ1Pc - USA - ,1734572
xQOO2xGQ1Pc - canada - ,1734581
xQOO2xGQ1Pc - france - ,1621113
xQOO2xGQ1Pc - germany - ,1621109
xQOO2xGQ1Pc - india - ,1682080
xQOO2xGQ1Pc - mexico - ,1777426
xQOO2xGQ1Pc - russia - ,1057977
xZnpDnRVGmg - Great Britain - ,1565234
xZnpDnRVGmg - canada - ,1480768
xZnpDnRVGmg - germany - ,1356820
xjqYxlHTQW8 - mexico - ,1143721
xl125ZovpAA - Great Britain - ,1103770
xl125ZovpAA - USA - ,1084590
xl125ZovpAA - canada - ,1103770
xypzmu5mMPY - russia - ,1053625
y5g-PTeDkwY - Brazil - ,1382986
y5g-PTeDkwY - Great Britain - ,1475376
y5g-PTeDkwY - USA - ,1226943
y5g-PTeDkwY - canada - ,1226963
y5g-PTeDkwY - france - ,1382962
y5g-PTeDkwY - germany - ,1475391
y5g-PTeDkwY - india - ,1475381
y5g-PTeDkwY - japan - ,1226984
y5g-PTeDkwY - korea - ,1475396
y5g-PTeDkwY - mexico - ,1226998
y5g-PTeDkwY - russia - ,1226980
y8pTFwksO7s - india - ,1915047
y8pTFwksO7s - russia - ,1423892
yIvb4csSgcs - Brazil - ,3387893
yIvb4csSgcs - india - ,3161656
yIvb4csSgcs - mexico - ,3363910
yOb9Xaug35M - Brazil - ,1586396
yOb9Xaug35M - Great Britain - ,1529295
yOb9Xaug35M - USA - ,1529295
yOb9Xaug35M - canada - ,1446296
yOb9Xaug35M - france - ,1529295
yOb9Xaug35M - germany - ,1529295
yOb9Xaug35M - mexico - ,1561368
yOb9Xaug35M - russia - ,1304791
yZCfmdaoXNY - canada - ,1112641
y_RHQ4mBDKA - india - ,1585497
ybPgmjTRvMo - Great Britain - ,1726203
ybPgmjTRvMo - USA - ,1733986
ybPgmjTRvMo - canada - ,1726203
ybPgmjTRvMo - germany - ,1672277
ybPgmjTRvMo - india - ,1627410
yjetoy-RKQ8 - Brazil - ,1458723
yjetoy-RKQ8 - USA - ,1453298
yjetoy-RKQ8 - canada - ,1453298
yjetoy-RKQ8 - germany - ,1426749
yjetoy-RKQ8 - india - ,1436199
yjetoy-RKQ8 - korea - ,1468997
yjetoy-RKQ8 - mexico - ,1458723
yjetoy-RKQ8 - russia - ,1379365
ymaIzkXY8nQ - Brazil - ,4863537
ymaIzkXY8nQ - Great Britain - ,4806905
ymaIzkXY8nQ - USA - ,4806905
ymaIzkXY8nQ - canada - ,4756399
ymaIzkXY8nQ - france - ,4756402
ymaIzkXY8nQ - germany - ,4699184
ymaIzkXY8nQ - india - ,4756401
ymaIzkXY8nQ - japan - ,4863537
ymaIzkXY8nQ - korea - ,4910011
ymaIzkXY8nQ - mexico - ,4863537
ymaIzkXY8nQ - russia - ,4442287
ynuloU4jpKY - russia - ,1075549
yqzOqBX_0qU - germany - ,1065415
ywmSDHQ3xjA - russia - ,1279588
z0VTupH8A2Y - mexico - ,1183541
z1gxHexN5DI - Brazil - ,1057890
z1gxHexN5DI - Great Britain - ,1033986
z1gxHexN5DI - USA - ,1057886
z1gxHexN5DI - canada - ,1033987
z1gxHexN5DI - france - ,1033987
z1gxHexN5DI - germany - ,1011171
z1gxHexN5DI - india - ,1011171
z1gxHexN5DI - mexico - ,1057890
z6CSW2yu8Mg - Brazil - ,1880196
z6CSW2yu8Mg - canada - ,1822610
z6CSW2yu8Mg - mexico - ,1854279
z7rI82hyels - mexico - ,1089058
zFT3f9biz68 - Brazil - ,7092244
zFT3f9biz68 - Great Britain - ,6908375
zFT3f9biz68 - USA - ,6908375
zFT3f9biz68 - canada - ,6956302
zFT3f9biz68 - france - ,6828625
zFT3f9biz68 - germany - ,6828620
zFT3f9biz68 - india - ,6908378
zFT3f9biz68 - japan - ,7092244
zFT3f9biz68 - korea - ,7137434
zFT3f9biz68 - mexico - ,7047502
zFT3f9biz68 - russia - ,6480380
zRXcOZFgMfY - Great Britain - ,1338123
zRXcOZFgMfY - USA - ,1384298
zRXcOZFgMfY - canada - ,1371764
zRXcOZFgMfY - germany - ,1310466
zSXPQCAi9_s - mexico - ,1338386
zpxlRCCapRU - germany - ,1449528
zwBMb2KAghQ - korea - ,1261677
zxYjTTXc-J8 - Great Britain - ,2420878
zxYjTTXc-J8 - USA - ,2455259
zxYjTTXc-J8 - canada - ,2420882
zxYjTTXc-J8 - germany - ,2304735
zxYjTTXc-J8 - india - ,2304729
